,districtFull,medianIncome,meanIncome,over75,over200,l150h200,under50,under40,under25,prcntCollege,prcntWhite,prcntBlack,prcntAsian,prcntLat,industry,rural,urbanLoose,urbanStrict,urbanAll,district,state,distNum,handle,party,policy,homestyle,other,prcntHome,prcntPolicy,prcntHomeOther
1,"Congressional District (at Large) (113th Congress), Alaska",68818,85203,45.4,5.5,7.5,35.9,23.9,15.7,27.5,73.7,5,7.2,5.8,5.2,0.403880547,0.401626233,0.194493219,0.596119453,AK,AK,0,repdonyoung,R,452,241,1,0.347262248,0.65129683,0.347763348
2,"Congressional District (at Large) (113th Congress), Delaware",59144,76213,38.8,4.5,5.2,42,28.9,19.4,28.6,72.3,23,3.8,8.4,1.1,0.164514579,0.618867413,0.216618008,0.835485421,DE,DE,0,johncarneyde,D,665,556,1,0.454991817,0.544189853,0.455364455
3,"Congressional District (at Large) (113th Congress), North Dakota",52427,68186,32.8,3.5,3.3,48,33.6,22.7,27.3,91.6,1.7,1.4,2.2,8.8,0.426642058,0.385640225,0.187717718,0.573357942,ND,ND,0,kevincramer,R,465,388,2,0.45380117,0.543859649,0.454865182
4,"Congressional District (at Large) (113th Congress), South Dakota",48900,62843,29,2.5,2.8,50.9,35.5,23.9,26.4,87.6,1.9,1.3,2.9,7.1,0.447000589,0.289149731,0.26384968,0.552999411,SD,SD,0,repkristinoem,D,816,661,6,0.445718139,0.550236008,0.447528775
5,"Congressional District (at Large) (113th Congress), Wyoming",55979,69744,35.5,2.7,4.2,44.4,30.6,19.9,24.5,93.6,1.5,1.2,9.2,12.1,0.378030153,0.235603434,0.386366414,0.621969847,WY,WY,0,cynthialummis,R,767,362,5,0.319223986,0.676366843,0.320637733
6,"Congressional District 1 (113th Congress), Arizona",46297,59686,27.1,2.3,3.1,53.3,37.8,27.2,23.3,66.9,3.2,2.2,20.6,4.4,0.401784887,0.286940679,0.311274434,0.598215113,AZ-01,AZ,1,ann_kirkpatrick,D,295,471,4,0.611688312,0.383116883,0.614882507
7,"Congressional District 1 (113th Congress), Arkansas",35639,48339,18.8,1.3,1.7,64.8,49.3,36,14.6,80.2,18.7,0.6,2.9,5.7,0.568256303,0.16834934,0.263394358,0.431743697,AR-01,AR,1,reprickcrawford,R,798,672,4,0.455902307,0.541383989,0.457142857
8,"Congressional District 1 (113th Congress), California",44522,59140,27,2.4,3.3,54.8,40,28.4,21.8,90.6,2.3,3.6,12.5,4.1,0.399395343,0.288384279,0.312220378,0.600604657,CA-01,CA,1,douglamalfa,R,1995,537,11,0.211167912,0.784506488,0.212085308
9,"Congressional District 1 (113th Congress), Colorado",51481,76096,34.5,5.8,5.2,48.6,35.3,25,42.7,77.6,9.9,4.2,28.6,1,2.97E-06,0.999997033,0,0.999997033,CO-01,CO,1,repdianadegette,D,666,287,4,0.299895507,0.695924765,0.30115425
10,"Congressional District 1 (113th Congress), Connecticut",63049,82518,42.2,5.9,6.7,40.3,28.9,20.6,33.9,74.6,16.4,5.3,15.1,0.2,0.060078645,0.908925367,0.030995989,0.939921355,CT-01,CT,1,repjohnlarson,D,606,468,2,0.434944238,0.563197026,0.43575419
11,"Congressional District 1 (113th Congress), Georgia",44761,59244,26.7,2.5,2.8,54.8,39.5,28,23.2,65.9,30.8,2.2,6.2,1.4,0.296155386,0.515268778,0.188575836,0.703844614,GA-01,GA,1,jackkingston,R,1022,352,8,0.254703329,0.739507959,0.256186317
12,"Congressional District 1 (113th Congress), Hawaii",69430,86521,46.5,6,7.4,35.1,22.9,15.4,33.3,33.1,3.2,67.7,7.3,0.5,0.002055433,0.997944567,0,0.997944567,HI-01,HI,1,rephanabusa,D,479,457,4,0.486170213,0.509574468,0.488247863
13,"Congressional District 1 (113th Congress), Idaho",46399,58563,25.2,1.8,2.7,53.2,37.4,24.9,23.8,95.6,0.8,1.8,10.2,4.5,0.360773213,0.500441556,0.138785232,0.639226787,ID-01,ID,1,raul_labrador,R,471,360,2,0.432172869,0.56542617,0.433212996
14,"Congressional District 1 (113th Congress), Illinois",47582,63125,30.9,2.7,4.3,51.8,39.4,29.3,26.2,41.8,53,2.3,8.9,0.2,0.00865006,0.99134994,0,0.99134994,IL-01,IL,1,repbobbyrush,D,269,175,1,0.393258427,0.604494382,0.394144144
15,"Congressional District 1 (113th Congress), Indiana",50497,63150,31.6,2.1,3.4,49.6,35.7,25.5,21.2,72.3,20.8,1.6,14.2,0.6,0.093208666,0.881615502,0.025175833,0.906791334,IN-01,IN,1,repvisclosky,D,489,619,2,0.557657658,0.440540541,0.55866426
16,"Congressional District 1 (113th Congress), Iowa",51714,64571,30.8,2.3,3,48.1,32.9,21.3,24.9,94,4.2,1.5,3.4,3.8,0.37359025,0.467842777,0.158566973,0.62640975,IA-01,IA,1,brucebraley,D,1199,1941,24,0.61346397,0.378950695,0.618152866
17,"Congressional District 1 (113th Congress), Kansas",45284,58447,25.1,2,2.1,54.8,37.8,25,22.7,91.2,4.3,2,14.6,8.6,0.43823434,0.071578063,0.490187597,0.56176566,KS-01,KS,1,conghuelskamp,R,2220,969,12,0.302717901,0.693533271,0.303857008
18,"Congressional District 1 (113th Congress), Kentucky",38112,49898,19.6,1.3,1.6,62.5,46.5,33.6,14.5,91.5,8.1,0.7,2.6,5.3,0.639009215,0.056312681,0.304678103,0.360990785,KY-01,KY,1,repedwhitfield,R,166,55,1,0.247747748,0.747747748,0.248868778
19,"Congressional District 1 (113th Congress), Maine",54062,70112,33.9,3.5,4.1,46.3,32.1,21.5,34,96.3,2,1.9,1.5,1.6,0.529383444,0.323183283,0.147433273,0.470616556,ME-01,ME,1,chelliepingree,D,673,433,5,0.389738974,0.605760576,0.391500904
20,"Congressional District 1 (113th Congress), Massachusetts",50616,66392,32.8,3.2,4.3,49.5,36.5,26.7,27.3,85.2,7.4,2.3,15.4,0.7,0.213065954,0.734261194,0.052672852,0.786934046,MA-01,MA,1,reprichardneal,D,168,305,0,0.644820296,0.355179704,0.644820296
21,"Congressional District 1 (113th Congress), Michigan",41915,54787,21.9,1.8,1.9,58.5,42.1,29.3,22.1,94.8,2.1,0.8,1.5,3.4,0.719025809,0,0.280974191,0.280974191,MI-01,MI,1,congressmandan,R,116,65,1,0.357142857,0.637362637,0.359116022
22,"Congressional District 1 (113th Congress), Minnesota",53255,66771,32.5,2.8,3.5,47,32.7,21.9,26.1,94,3,2.8,5.7,4.7,0.382599176,0.255063755,0.362337069,0.617400824,MN-01,MN,1,tim_walz,D,188,178,3,0.482384824,0.509485095,0.486338798
23,"Congressional District 1 (113th Congress), Mississippi",39916,53215,22.5,1.7,2.1,59.4,44.4,32.3,18,71.3,27.6,0.9,3,1.8,0.592139861,0.154507328,0.253352811,0.407860139,MS-01,MS,1,repalannunnelee,R,1024,373,5,0.266048502,0.730385164,0.267000716
24,"Congressional District 1 (113th Congress), Missouri",38309,53838,22.7,2.1,2.6,61.2,46.3,33.4,28,46.9,50.8,3.3,3.1,0.3,0.002732729,0.997267271,0,0.997267271,MO-01,MO,1,lacyclaymo1,D,486,338,6,0.407228916,0.585542169,0.410194175
25,"Congressional District 1 (113th Congress), Nebraska",52191,65724,31.6,2.8,3.3,47.8,33,21.6,28.8,92.9,3.7,2.6,7.7,3.4,0.261555289,0.531387328,0.207057383,0.738444711,NE-01,NE,1,jefffortenberry,R,665,557,2,0.455065359,0.543300654,0.455810147
26,"Congressional District 1 (113th Congress), Nevada",38269,51935,19.6,1.4,2.1,62.5,46,31.4,14.4,67.9,10.2,9.5,43.9,0.2,0,1,0,1,NV-01,NV,1,dinatitus,D,578,608,4,0.51092437,0.485714286,0.512647555
27,"Congressional District 1 (113th Congress), New Hampshire",64632,82660,42.6,5.2,6.5,38.2,25.8,16.6,33.4,95.5,1.9,2.6,2.9,0.6,0.35409066,0.592599367,0.053309974,0.64590934,NH-01,NH,1,teamsheaporter,D,313,191,3,0.376725838,0.617357002,0.378968254
28,"Congressional District 1 (113th Congress), New Mexico",46645,64018,29.5,3.2,4.1,52.9,39.1,27.3,31,72.6,3.7,3,48.7,1.2,0.079152569,0.9182516,0.002595831,0.920847431,NM-01,NM,1,michelle4nm,D,424,651,3,0.603896104,0.393320965,0.605581395
29,"Congressional District 1 (113th Congress), New York",85378,103879,56.3,9.3,10.9,27.9,18.9,12.9,33.7,89,5.7,4,12.7,0.5,0.116778567,0.821462025,0.061759408,0.883221433,NY-01,NY,1,timbishopny,D,662,414,5,0.382978723,0.61239593,0.384758364
30,"Congressional District 1 (113th Congress), North Carolina",33039,45712,17.1,1,1.5,66.9,52.3,38.7,17.9,41.1,54,1.8,7.8,2.6,0.368767334,0.399178783,0.232053883,0.631232666,NC-01,NC,1,gkbutterfield,D,408,299,1,0.422316384,0.576271186,0.42291372
31,"Congressional District 1 (113th Congress), Ohio",50974,70648,33.3,4.4,4.9,49.2,36.5,26.9,30.4,74.3,23.1,3.1,2.8,0.3,0.066395263,0.916858054,0.016746682,0.933604737,OH-01,OH,1,repstevechabot,R,634,396,3,0.383349468,0.61374637,0.384466019
32,"Congressional District 1 (113th Congress), Oklahoma",48176,66434,29.5,3.6,3.6,51.7,36.7,24.9,28.5,79.6,10.6,2.7,10.1,2.1,0.094999531,0.832182218,0.072818251,0.905000469,OK-01,OK,1,repjbridenstine,R,626,216,4,0.255319149,0.739952719,0.256532067
33,"Congressional District 1 (113th Congress), Oregon",60176,78114,39.2,4.9,5.4,41.5,27.7,18.5,37.1,83.2,2.3,8.6,14,2,0.126083835,0.713137114,0.160779051,0.873916165,OR-01,OR,1,repbonamici,D,236,207,3,0.464125561,0.529147982,0.467268623
34,"Congressional District 1 (113th Congress), Pennsylvania",37736,54893,22.9,2.5,2.8,60.8,47.1,35.2,22.5,50.1,37,7.3,15.6,0.2,0,1,0,1,PA-01,PA,1,repbrady,D,260,191,0,0.423503326,0.576496674,0.423503326
35,"Congressional District 1 (113th Congress), Rhode Island",51223,70832,33.8,4.5,4.8,48.9,36.4,26.7,31,81,10.4,3.7,14.6,0.4,0.036036191,0.963963809,0,0.963963809,RI-01,RI,1,davidcicilline,D,1553,1634,7,0.51158422,0.48622417,0.512707876
36,"Congressional District 1 (113th Congress), Tennessee",37858,51977,20.4,1.9,1.8,61.9,46.7,33.7,18.3,96.1,2.9,0.9,3.3,1.2,0.44942671,0.434015005,0.116558285,0.55057329,TN-01,TN,1,drphilroe,R,805,500,3,0.382262997,0.615443425,0.383141762
37,"Congressional District 1 (113th Congress), Texas",43129,59587,25.4,2.8,2.7,55.9,40.7,28.4,19.4,78.1,18.6,1.2,16,6.3,0.460568765,0.311459137,0.227972098,0.539431235,TX-01,TX,1,replouiegohmert,R,1478,857,43,0.36038688,0.621530698,0.367023555
38,"Congressional District 1 (113th Congress), Virginia",76134,93023,50.7,7.5,9.3,32.1,20.8,13.4,34.3,75.9,18.8,4.5,8.9,0.9,0.357760044,0.598124862,0.044115095,0.642239956,VA-01,VA,1,robwittman,R,1881,1333,6,0.413975155,0.584161491,0.414747978
39,"Congressional District 1 (113th Congress), Washington",77867,98750,52,8.2,8.6,31,20,13.2,39,86,1.9,11.1,7.6,1.7,0.208843825,0.712193705,0.07896247,0.791156175,WA-01,WA,1,suzandelbene,D,229,386,4,0.62358643,0.369951535,0.627642276
40,"Congressional District 1 (113th Congress), West Virginia",39851,54012,23.2,1.8,2.1,59.3,45,32.7,19.9,96.4,3,1,1.1,4.4,0.449829229,0.351619299,0.198551472,0.550170771,WV-01,WV,1,repmckinley,R,1178,521,7,0.305392732,0.690504103,0.306650971
41,"Congressional District 1 (113th Congress), Wisconsin",57730,72108,36.7,3.3,4.4,43.1,29.2,19.3,25.8,90.3,6.2,2.1,9.2,1.1,0.159940234,0.691774605,0.148285161,0.840059766,WI-01,WI,1,reppaulryan,R,1033,187,3,0.152902698,0.844644317,0.153278689
42,"Congressional District 10 (113th Congress), California",51657,67191,32.9,2.8,4.4,48.5,34.4,23.2,17.2,79.2,4.3,8.4,40.7,4.6,0.07688674,0.859900799,0.063212461,0.92311326,CA-10,CA,10,repjeffdenham,R,877,590,6,0.400543109,0.595383571,0.402181322
43,"Congressional District 10 (113th Congress), Florida",48999,67099,30.1,3.7,3.8,50.9,35.8,24.1,27.9,79.2,13.4,4.6,16.2,0.8,0.074814204,0.868108825,0.057076971,0.925185796,FL-10,FL,10,repwebster,R,838,640,12,0.429530201,0.562416107,0.433017591
44,"Congressional District 10 (113th Congress), Georgia",46346,61454,28.7,2.6,3.7,52.8,38.7,28.3,23.5,71.7,25.8,2.4,5.6,2,0.467338859,0.337646818,0.195014322,0.532661141,GA-10,GA,10,reppaulbrounmd,R,949,351,6,0.268759571,0.726646248,0.27
45,"Congressional District 10 (113th Congress), Michigan",53764,67477,34.1,2.6,4.4,46.1,31.3,20.6,21.2,94.8,3.4,1.7,3,1.8,0.379714038,0.565445403,0.054840559,0.620285962,MI-10,MI,10,candicemiller,R,326,121,1,0.270089286,0.727678571,0.270693512
46,"Congressional District 10 (113th Congress), New Jersey",47083,67014,30.9,4,4.6,52.2,39.5,29,26.3,31.1,55.2,7.8,17,0.1,0,1,0,1,NJ-10,NJ,10,donaldpaynejr,D,9,26,0,0.742857143,0.257142857,0.742857143
47,"Congressional District 10 (113th Congress), New York",70722,128184,47.5,17,7.8,38.8,29.4,21.6,57,74.2,4.9,18.3,12.4,0.1,0,1,0,1,NY-10,NY,10,repjerrynadler,D,617,180,5,0.224438903,0.769326683,0.225846926
48,"Congressional District 10 (113th Congress), North Carolina",41945,56648,23.4,2.4,2.5,58,42.1,29.4,22.5,84.4,12.7,1.7,5.6,0.9,0.366700385,0.497271835,0.13602778,0.633299615,NC-10,NC,10,patrickmchenry,R,1366,655,8,0.322819123,0.673238048,0.324096982
49,"Congressional District 10 (113th Congress), Ohio",44487,59795,27,2.5,3.3,55.2,40.4,28.4,26.2,79.6,18.8,2.7,2.3,0.5,0.069177924,0.892545023,0.038277053,0.930822076,OH-10,OH,10,repmiketurner,R,946,393,4,0.292628444,0.70439315,0.293502614
50,"Congressional District 10 (113th Congress), Pennsylvania",47708,60478,27.5,2.1,2.8,51.9,36.2,24.3,19.9,95,3.9,1.1,3.7,3.3,0.646572438,0.150604778,0.202822784,0.353427562,PA-10,PA,10,reptommarino,R,955,461,3,0.324876674,0.673009161,0.325564972
51,"Congressional District 10 (113th Congress), Texas",60883,82653,40.2,6.6,6.1,41.6,28.3,19,34.7,78.7,10.7,5.2,26.2,3.4,0.25138002,0.626944415,0.121675564,0.74861998,TX-10,TX,10,mccaulpressshop,R,451,250,12,0.350631136,0.632538569,0.356633381
52,"Congressional District 10 (113th Congress), Virginia",111910,140195,67.5,20.2,14.3,19.6,12.1,8,52.5,77.1,8.4,13.7,12.2,0.7,0.159343962,0.816033411,0.024622628,0.840656038,VA-10,VA,10,repwolfpress,R,225,60,0,0.210526316,0.789473684,0.210526316
53,"Congressional District 10 (113th Congress), Washington",57117,68556,35.1,2.5,4.2,43.3,29,19.2,25,81.1,8.4,9.2,10.2,1.1,0.081984921,0.874945359,0.04306972,0.918015079,WA-10,WA,10,dennyheck,D,293,519,4,0.636029412,0.359068627,0.639162562
54,"Congressional District 11 (113th Congress), California",71615,102227,48,11.2,8.8,35.6,24,16.5,41.2,69.2,10.8,15.1,25.4,0.8,0.006129524,0.993870476,0,0.993870476,CA-11,CA,11,askgeorge,D,1684,483,5,0.222375691,0.775322284,0.222888786
55,"Congressional District 11 (113th Congress), Florida",39115,50809,18.8,1.4,1.5,62.2,45,29.7,17.5,88.1,9.3,1.6,8.7,1.4,0.244503703,0.69299927,0.062497027,0.755496297,FL-11,FL,11,reprichnugent,R,49,15,0,0.234375,0.765625,0.234375
56,"Congressional District 11 (113th Congress), Georgia",59364,83558,39.4,6.2,6.4,41.9,27.8,18.2,38.2,76.9,16.4,3.5,11.2,0.6,0.102119333,0.888079276,0.009801391,0.897880667,GA-11,GA,11,repphilgingrey,R,1249,492,5,0.281786942,0.71534937,0.282596209
57,"Congressional District 11 (113th Congress), Illinois",66503,84089,44,5.6,6.7,36.6,23.9,15.2,34,69.2,12.4,7.8,26.2,0.3,0.002723293,0.997276707,0,0.997276707,IL-11,IL,11,repbillfoster,D,359,331,2,0.478323699,0.518786127,0.479710145
58,"Congressional District 11 (113th Congress), Michigan",70417,92053,47,7.6,7.5,35.1,23.1,14.9,43.7,86.1,6,8.6,3.3,0.2,0.019678732,0.980321268,0,0.980321268,MI-11,MI,11,repkerryb,R,555,219,2,0.282216495,0.715206186,0.282945736
59,"Congressional District 11 (113th Congress), New York",62170,80915,42.4,5.6,7.7,41.3,30.1,21.9,30.5,74.8,8.6,13.2,15.8,0.1,0,1,0,1,NY-11,NY,11,repmichaelgrimm,R,178,113,2,0.385665529,0.607508532,0.388316151
60,"Congressional District 11 (113th Congress), North Carolina",39736,51761,20.7,1.5,1.8,60.7,44.7,31.2,21.4,92.5,3.9,1.3,5.4,1.7,0.611608231,0.333067563,0.055324206,0.388391769,NC-11,NC,11,repmarkmeadows,R,347,284,2,0.448657188,0.548183254,0.450079239
61,"Congressional District 11 (113th Congress), Ohio",32689,52392,19.8,3,2.3,65.8,52.4,40.2,25.2,42.7,55.5,2.6,3.9,0.2,0.008119952,0.991880048,0,0.991880048,OH-11,OH,11,repmarciafudge,D,880,644,1,0.422295082,0.57704918,0.422572178
62,"Congressional District 11 (113th Congress), Pennsylvania",49767,62961,29.8,2.3,3.3,50.3,35.3,24,21.8,91.7,6,1.8,4.8,1.4,0.347493286,0.535450828,0.117055886,0.652506714,PA-11,PA,11,reploubarletta,R,572,438,6,0.431102362,0.562992126,0.433663366
63,"Congressional District 11 (113th Congress), Texas",46663,64618,28.5,3.2,3.3,52.7,38.6,26.5,18.5,90.1,4.5,1,34.1,12.4,0.333371315,0.43037554,0.236253145,0.666628685,TX-11,TX,11,conawaytx11,R,332,172,9,0.335282651,0.647173489,0.341269841
64,"Congressional District 11 (113th Congress), Virginia",100800,122576,64.9,15.2,13.2,19.8,12,7.6,52.2,64,14.2,19.8,17.7,0.2,0.000245467,0.999754533,0,0.999754533,VA-11,VA,11,gerryconnolly,D,1459,1082,11,0.423981191,0.571708464,0.425816608
65,"Congressional District 12 (113th Congress), California",72120,106533,48.7,13.2,9,38,29.3,22.4,53.9,55.7,7.1,34,14.7,0.2,0,1,0,1,CA-12,CA,12,nancypelosi,D,1562,483,9,0.235150925,0.760467381,0.236185819
66,"Congressional District 12 (113th Congress), Florida",48044,66439,30.5,3.5,4,51.5,36.4,24.3,26.2,91.2,5.3,3.3,11.7,0.5,0.066105434,0.933876774,1.78E-05,0.933894566,FL-12,FL,12,repgusbilirakis,R,1586,902,11,0.360944378,0.634653862,0.362540193
67,"Congressional District 12 (113th Congress), Georgia",40277,54148,23.5,2,2.5,58.8,44.5,33.2,19.3,61,35.9,2,5.5,2.5,0.403182696,0.400602596,0.196214708,0.596817304,GA-12,GA,12,repjohnbarrow,D,294,455,1,0.606666667,0.392,0.607476636
68,"Congressional District 12 (113th Congress), Michigan",50106,66393,31.9,3.2,4.5,50,36.1,25.2,31.6,82.8,12.1,5.8,5.4,0.2,0.025932803,0.974067197,0,0.974067197,MI-12,MI,12,john_dingell,D,1322,897,8,0.402784014,0.593623709,0.404236142
69,"Congressional District 12 (113th Congress), New Jersey",78312,101993,51.9,10.6,9.4,32.1,22.2,14.9,42.2,60,18.3,16,15.6,0.3,0.023561337,0.976438663,0,0.976438663,NJ-12,NJ,12,rushholt,D,394,356,3,0.472775564,0.523240372,0.474666667
70,"Congressional District 12 (113th Congress), New York",82823,142577,54,18.9,8.6,31.7,23.6,17.8,68.6,77.6,5.7,13.7,13.3,0,0,1,0,1,NY-12,NY,12,repmaloney,D,553,253,6,0.311576355,0.681034483,0.313895782
71,"Congressional District 12 (113th Congress), Pennsylvania",53714,73900,34.5,4.6,4.1,46.6,33.1,22.5,29.8,95,4,1.7,1.2,1.1,0.25122323,0.684296862,0.064479908,0.74877677,PA-12,PA,12,krpa12,R,679,570,10,0.45274027,0.539316918,0.456365092
72,"Congressional District 12 (113th Congress), Texas",56811,74609,36.5,4.2,5,43.6,29.9,19.9,27.9,83.4,9,3.8,21,2.3,0.131170272,0.794697452,0.074132276,0.868829728,TX-12,TX,12,repkaygranger,R,642,388,25,0.367772512,0.608530806,0.376699029
73,"Congressional District 13 (113th Congress), California",57052,85207,39.6,8.5,6.5,44.6,33.1,24.7,44.5,50.8,21.2,23.7,21.1,0.3,6.60E-05,0.999933978,0,0.999933978,CA-13,CA,13,repbarbaralee,D,1194,599,4,0.333333333,0.664440735,0.334076966
74,"Congressional District 13 (113th Congress), Georgia",48598,62750,29.3,2.5,3.5,51.3,35.9,23.8,27.4,37,57.3,2.9,10.4,0.3,0.059323771,0.940676229,0,0.940676229,GA-13,GA,13,repdavidscott,D,709,378,3,0.346788991,0.650458716,0.34774609
75,"Congressional District 13 (113th Congress), Illinois",46113,61125,28.3,2.6,3.2,53.4,39.6,28.1,28.1,84.6,12.3,3.9,3,1.8,0.210089472,0.665296484,0.124614044,0.789910528,IL-13,IL,13,electrodneyil,R,175,431,4,0.706557377,0.286885246,0.711221122
76,"Congressional District 13 (113th Congress), Michigan",30863,41964,15.2,0.5,1.5,68.9,54.6,42.2,13.3,38.8,58.2,1.6,6.6,0.3,2.67E-05,0.99997328,0,0.99997328,MI-13,MI,13,repjohnconyers,D,658,187,3,0.220518868,0.775943396,0.221301775
77,"Congressional District 13 (113th Congress), New York",34924,52714,21,2.7,2.5,63.2,50.1,38.7,27.3,30.1,35.2,5.3,53.7,0.3,0,1,0,1,NY-13,NY,13,cbrangel,D,1943,885,20,0.310744382,0.682233146,0.312942008
78,"Congressional District 13 (113th Congress), North Carolina",62464,81468,41.2,5.6,6.3,39.7,26.5,16.8,37.5,76.7,18.4,2.7,7.8,1.8,0.317032801,0.609944839,0.073022359,0.682967199,NC-13,NC,13,repholding,R,192,129,1,0.400621118,0.596273292,0.401869159
79,"Congressional District 13 (113th Congress), Ohio",40464,51330,21.5,1.2,1.8,59.8,44.1,31.5,20.3,86.6,13,1.5,2.8,0.3,0.090387699,0.872695686,0.036916615,0.909612301,OH-13,OH,13,reptimryan,D,885,657,10,0.423324742,0.570231959,0.426070039
80,"Congressional District 13 (113th Congress), Texas",45999,60388,27.3,2.2,2.8,54,38.5,26.4,19.2,88.8,6.2,2.1,24.9,7.5,0.32863867,0.412805448,0.258555882,0.67136133,TX-13,TX,13,mactxpress,R,200,64,2,0.240601504,0.751879699,0.242424242
81,"Congressional District 14 (113th Congress), California",81682,110891,53.8,13.5,9.1,29.8,19.5,12.8,41.1,55.3,4.1,34.1,24.3,0.5,0.009248849,0.959997382,0.03075377,0.990751151,CA-14,CA,14,repannaeshoo,D,511,267,3,0.341869398,0.654289373,0.343187661
82,"Congressional District 14 (113th Congress), California",81682,110891,53.8,13.5,9.1,29.8,19.5,12.8,41.1,55.3,4.1,34.1,24.3,0.5,0.009248849,0.959997382,0.03075377,0.990751151,CA-14,CA,14,repspeier,D,1153,542,8,0.318261891,0.677040517,0.319764012
83,"Congressional District 14 (113th Congress), Illinois",81257,97873,54,7.9,9.5,28.4,18.2,11.7,38.4,88.8,3.7,4.8,11.3,0.9,0.10745234,0.814367608,0.078180052,0.89254766,IL-14,IL,14,rephultgren,R,1086,593,7,0.351720047,0.644128114,0.35318642
84,"Congressional District 14 (113th Congress), Michigan",39849,61830,25.9,3.9,3.7,58.4,45.3,34.3,29.1,36.4,59.1,4.8,4.6,0.3,6.16E-06,0.999993837,0,0.999993837,MI-14,MI,14,repgarypeters,D,719,495,4,0.406403941,0.590311987,0.407742998
85,"Congressional District 14 (113th Congress), New York",48727,62361,30.3,2.3,3.6,51.1,36.4,25.8,24.1,48.8,12.1,17.5,47.1,0.2,7.19E-05,0.999928075,0,0.999928075,NY-14,NY,14,repjoecrowley,D,506,424,2,0.454935622,0.542918455,0.455913978
86,"Congressional District 14 (113th Congress), Ohio",58782,78123,37.9,5,5.3,42.8,29,19.2,31.6,93.4,4.8,2.4,2.4,0.7,0.220217776,0.672963939,0.106818285,0.779782224,OH-14,OH,14,davejoyceoh14,R,206,277,2,0.571134021,0.424742268,0.573498965
87,"Congressional District 14 (113th Congress), Pennsylvania",39380,55514,22.8,2.3,2.6,59.5,45.5,33,28.5,74.7,23.4,3.3,1.9,0.2,0.001414954,0.998585046,0,0.998585046,PA-14,PA,14,usrepmikedoyle,D,357,55,1,0.133171913,0.86440678,0.133495146
88,"Congressional District 14 (113th Congress), Texas",52030,70324,34.3,4,5.1,48.2,34.6,24.4,22,73.1,21.2,3.1,22.7,1.7,0.145046519,0.745008146,0.109945335,0.854953481,TX-14,TX,14,weberfortexas,R,291,307,20,0.496763754,0.470873786,0.513377926
89,"Congressional District 15 (113th Congress), California",86286,106850,56,12.3,11.2,28.6,19.2,12.9,39.3,54.2,7.8,31.5,23.5,0.4,0.008003182,0.991996818,0,0.991996818,CA-15,CA,15,repswalwell,D,1062,935,17,0.464250248,0.527308838,0.468202303
90,"Congressional District 15 (113th Congress), Florida",48763,65325,30,3.3,3.9,51.3,35.9,24.1,25.9,80.1,14.5,3.8,17.4,2.1,0.058120271,0.941879729,0,0.941879729,FL-15,FL,15,repdennisross,R,2211,971,26,0.302680798,0.689214464,0.305153991
91,"Congressional District 15 (113th Congress), Illinois",45690,59053,27.1,2,2.3,53.7,38.2,26.7,17.7,94.3,5.3,0.8,2.4,4.7,0.508272476,0.102703749,0.389023775,0.491727524,IL-15,IL,15,repshimkus,R,2154,1043,18,0.324416796,0.669984448,0.326243353
92,"Congressional District 15 (113th Congress), New York",24589,36161,11.3,0.4,1,76.2,62.7,50.6,11,18.5,36.3,2.3,66.2,0.2,0,1,0,1,NY-15,NY,15,repjoseserrano,D,917,664,5,0.418663304,0.578184111,0.41998735
93,"Congressional District 15 (113th Congress), Ohio",54349,69602,34.2,3.4,3.8,45.9,32.2,22.1,28.1,93.3,4.6,2.8,1.8,1.3,0.36670444,0.401484356,0.231811204,0.63329556,OH-15,OH,15,repstevestivers,R,645,516,6,0.442159383,0.552699229,0.444444444
94,"Congressional District 15 (113th Congress), Pennsylvania",55580,72215,35.3,4,4.2,44.7,30.6,20.3,27.2,88.2,6,2.9,13.2,0.9,0.167995608,0.82292937,0.009075022,0.832004392,PA-15,PA,15,dentpressshop,R,492,401,1,0.448545861,0.55033557,0.449048152
95,"Congressional District 15 (113th Congress), Texas",38446,54727,23.9,2,2.8,60.3,46.3,35,18,89.6,2.1,1.4,80.6,3.7,0.163916003,0.760436087,0.075647909,0.836083997,TX-15,TX,15,usreprhinojosa,D,437,600,26,0.564440263,0.411100659,0.578592093
96,"Congressional District 16 (113th Congress), California",37511,51592,20.8,1.7,1.9,61.8,47.2,34.2,11.4,61.2,6.9,10.4,58.6,13.9,0.093323723,0.790785495,0.115890782,0.906676277,CA-16,CA,16,repjimcosta,D,315,308,3,0.49201278,0.503194888,0.494382022
97,"Congressional District 16 (113th Congress), California",37511,51592,20.8,1.7,1.9,61.8,47.2,34.2,11.4,61.2,6.9,10.4,58.6,13.9,0.093323723,0.790785495,0.115890782,0.906676277,CA-16,CA,16,repzoelofgren,D,450,264,3,0.368200837,0.627615063,0.369747899
98,"Congressional District 16 (113th Congress), Florida",47310,66207,28.7,3.8,3.4,52.4,36.6,24.4,28.4,88.9,7.4,1.9,11.3,0.8,0.032738043,0.967261957,0,0.967261957,FL-16,FL,16,vernbuchanan,R,977,589,8,0.374205845,0.620711563,0.376117497
99,"Congressional District 16 (113th Congress), Illinois",53487,66351,33.4,2.7,3.6,46.5,32.1,21.9,20.3,92.8,4.5,1.7,8.5,2.6,0.296018566,0.385124621,0.318856813,0.703981434,IL-16,IL,16,repkinzinger,R,879,736,9,0.45320197,0.541256158,0.455727554
100,"Congressional District 16 (113th Congress), New York",61876,98660,42.1,10.4,6.5,41.7,30.6,22,37.6,50.2,34,5.6,23.5,0.1,0,1,0,1,NY-16,NY,16,repeliotengel,D,397,192,2,0.324873096,0.671742809,0.325976231
101,"Congressional District 16 (113th Congress), Ohio",57634,72869,36.6,3.5,4.2,42.8,27.9,17.6,30.9,95.3,2.6,2.5,2,1.1,0.137689169,0.793783892,0.06852694,0.862310831,OH-16,OH,16,repjimrenacci,R,819,847,6,0.506578947,0.489832536,0.508403361
102,"Congressional District 16 (113th Congress), Pennsylvania",51622,66160,32,2.8,4,48.3,33.7,23,23.6,85.8,8,2.1,16.7,3.2,0.129064353,0.86044711,0.010488536,0.870935647,PA-16,PA,16,repjoepitts,R,648,80,0,0.10989011,0.89010989,0.10989011
103,"Congressional District 16 (113th Congress), Texas",41325,57148,24.3,2.3,3,58.3,43,31.1,22.4,83.2,4.2,1.8,79.6,0.7,0.017746875,0.982253125,0,0.982253125,TX-16,TX,16,betoorourke,D,278,184,4,0.394849785,0.596566524,0.398268398
104,"Congressional District 17 (113th Congress), California",97228,114629,60.9,14.2,12.4,25.2,17,11.7,51.1,38.1,3.5,52.4,17.7,0.2,0.002504556,0.997495444,0,0.997495444,CA-17,CA,17,repsamfarr,D,398,276,7,0.405286344,0.584434655,0.409495549
105,"Congressional District 17 (113th Congress), California",97228,114629,60.9,14.2,12.4,25.2,17,11.7,51.1,38.1,3.5,52.4,17.7,0.2,0.002504556,0.997495444,0,0.997495444,CA-17,CA,17,repmikehonda,D,751,404,5,0.348275862,0.647413793,0.34978355
106,"Congressional District 17 (113th Congress), Florida",41906,55078,23.2,1.6,2,57.7,41.7,28.2,18.2,86.2,9.8,1.6,17.3,7.2,0.210096897,0.667689931,0.122213172,0.789903103,FL-17,FL,17,tomrooney,R,1846,578,22,0.23630417,0.754701554,0.238448845
107,"Congressional District 17 (113th Congress), Illinois",42262,54021,23.2,1.3,2.1,57.3,41.4,29.1,17.3,85,12.5,1.4,8.4,2.5,0.276640964,0.499931542,0.223427494,0.723359036,IL-17,IL,17,repcheri,D,244,244,2,0.497959184,0.497959184,0.5
108,"Congressional District 17 (113th Congress), New York",86396,122633,55.9,15.3,10.7,29.3,20.2,13.8,43.7,72.8,12.1,6.7,20.4,0.2,0.017119917,0.982880083,0,0.982880083,NY-17,NY,17,nitalowey,D,579,273,4,0.318925234,0.676401869,0.320422535
109,"Congressional District 17 (113th Congress), Pennsylvania",47222,60573,28.8,1.9,3.2,52.8,37.7,26.3,19.8,90.6,6.9,2,7.5,1,0.212482309,0.575041603,0.212476088,0.787517691,PA-17,PA,17,cartwrightpa,D,203,293,1,0.589537223,0.408450704,0.590725806
110,"Congressional District 17 (113th Congress), Texas",43653,59473,27.5,2.7,3.1,55.3,41.3,29.6,28.2,77.3,14.3,4.8,23.7,3,0.265684646,0.663921755,0.070393599,0.734315354,TX-17,TX,17,repbillflores,R,1727,999,45,0.360519668,0.623240707,0.36647102
111,"Congressional District 18 (113th Congress), Florida",49482,75484,33.1,5.3,4.5,50.4,34.4,23.1,29.3,82.9,12.9,2.4,14.3,1,0.032358755,0.951403807,0.016237438,0.967641245,FL-18,FL,18,patrickmurphyfl,D,318,510,3,0.613718412,0.38267148,0.615942029
112,"Congressional District 18 (113th Congress), Illinois",57184,72423,36.8,3.7,4.5,43.5,29.9,19.8,29.7,92.7,4.7,2.7,2.5,2.6,0.366278429,0.397653063,0.236068508,0.633721571,IL-18,IL,18,repaaronschock,R,32,36,0,0.529411765,0.470588235,0.529411765
113,"Congressional District 18 (113th Congress), New York",75312,99609,50.2,9.3,8.8,33.9,23.8,16.1,34.5,80.6,10.7,3.7,15.1,0.7,0.187506949,0.719856947,0.092636104,0.812493051,NY-18,NY,18,spmaloney,D,178,164,2,0.476744186,0.51744186,0.479532164
114,"Congressional District 18 (113th Congress), Pennsylvania",57365,74536,37.2,4.2,5.2,43.5,30,19.9,32.9,95.4,3.1,2.1,1.3,1.3,0.185777089,0.794016067,0.020206844,0.814222911,PA-18,PA,18,reptimmurphy,R,845,348,6,0.290241868,0.704753962,0.291701593
115,"Congressional District 18 (113th Congress), Texas",38668,55559,23,2.9,2.4,60.7,46.3,33.5,18.8,47.8,40.3,4,40,2.2,0.00050783,0.99949217,0,0.99949217,TX-18,TX,18,jacksonleetx18,D,870,586,9,0.4,0.593856655,0.402472527
116,"Congressional District 19 (113th Congress), Florida",49270,75915,30.8,5.7,3.9,50.6,35.2,22.4,28.5,87,8.3,1.8,17.7,1,0.046294343,0.949081159,0.004624498,0.953705657,FL-19,FL,19,treyradel,R,1900,1177,21,0.379922531,0.613298903,0.382515437
117,"Congressional District 19 (113th Congress), New York",55541,72176,35.6,3.7,4.6,45.2,31.6,21.8,26.7,92,5.6,2,6.5,2.2,0.69902988,0.170715072,0.130255048,0.30097012,NY-19,NY,19,repchrisgibson,R,186,486,2,0.721068249,0.275964392,0.723214286
118,"Congressional District 19 (113th Congress), Texas",42499,58681,25,2.5,2.9,56.5,42,29.1,21.3,84.8,7.1,1.6,34.7,7.7,0.268856128,0.501668348,0.229475524,0.731143872,TX-19,TX,19,randyneugebauer,R,2064,1000,28,0.323415265,0.667529107,0.326370757
119,"Congressional District 2 (113th Congress), Alabama",42015,55745,24.5,1.8,2.5,57.3,42.4,30.4,21,67.4,30.7,1.5,3.6,2.2,0.470109226,0.367654899,0.162235875,0.529890774,AL-02,AL,2,repmartharoby,R,1949,1227,16,0.384398496,0.610588972,0.386335013
120,"Congressional District 2 (113th Congress), Arizona",46546,63530,29,3,3.4,53,38.5,26.4,31.7,85.8,5.2,4,25.9,1.2,0.108092683,0.766048271,0.125859046,0.891907317,AZ-02,AZ,2,repronbarber,D,597,684,8,0.53064391,0.463149728,0.533957845
121,"Congressional District 2 (113th Congress), Arkansas",46189,61855,28.8,2.6,3.4,53.3,39.2,27.5,27.1,75.4,22.5,1.8,4.9,1.7,0.289959869,0.644381977,0.065658153,0.710040131,AR-02,AR,2,reptimgriffin,R,2132,1014,17,0.320581726,0.674043629,0.32231405
122,"Congressional District 2 (113th Congress), California",59262,90976,40.7,9,6.3,43.1,30.9,21.7,38.2,84.9,2.5,5.1,16.7,3.1,0.273029043,0.482450145,0.244520812,0.726970957,CA-02,CA,2,rephuffman,D,531,198,1,0.271232877,0.72739726,0.271604938
123,"Congressional District 2 (113th Congress), Colorado",65219,88291,43.6,7.2,7.4,38.8,26.4,18.4,51.8,93.2,1.4,3.9,9.8,1.9,0.242968432,0.616832531,0.140199037,0.757031568,CO-02,CO,2,jaredpolis,D,2056,1113,17,0.349340866,0.645323289,0.351214894
124,"Congressional District 2 (113th Congress), Connecticut",70527,87410,47,6,7.8,35.5,23.3,15.7,32.6,90.2,5.4,3.7,7.1,0.7,0.312435448,0.595317404,0.092247148,0.687564552,CT-02,CT,2,repjoecourtney,D,1408,1409,6,0.499114417,0.498760184,0.500177494
125,"Congressional District 2 (113th Congress), Florida",43252,57971,25.7,2.3,3,56.1,40.8,29.6,26.8,71.5,25.8,2.4,5.5,1.3,0.341099199,0.577085418,0.081815383,0.658900801,FL-02,FL,2,rep_southerland,R,369,201,4,0.350174216,0.642857143,0.352631579
126,"Congressional District 2 (113th Congress), Georgia",32894,47028,18.2,1.5,1.9,66.5,52.4,39.7,15.2,45.1,52.3,1.6,4.5,3.3,0.358730021,0.498302176,0.142967803,0.641269979,GA-02,GA,2,sanfordbishop,D,308,457,0,0.597385621,0.402614379,0.597385621
127,"Congressional District 2 (113th Congress), Hawaii",61256,77376,40.6,4.6,5.8,40.6,27.9,19.5,25.7,51.7,3,46.4,11.1,2.8,0.202446345,0.340518535,0.457035119,0.797553655,HI-02,HI,2,tulsigabbard,D,1402,1764,17,0.554194156,0.44046497,0.557169931
128,"Congressional District 2 (113th Congress), Idaho",44377,58485,25.5,2.2,2.6,55.2,39.3,26.3,26.5,93.3,1.1,2.1,12.7,6.8,0.298650014,0.459284734,0.242065252,0.701349986,ID-02,ID,2,congmikesimpson,R,139,71,0,0.338095238,0.661904762,0.338095238
129,"Congressional District 2 (113th Congress), Indiana",45024,57705,25.1,2,2.3,55,38.8,26,20,88.7,8,1.4,8.4,1.7,0.292684842,0.571626769,0.135688389,0.707315158,IN-02,IN,2,jackiewalorski,R,523,578,3,0.523550725,0.473731884,0.524977293
130,"Congressional District 2 (113th Congress), Iowa",48438,62249,29,2.5,2.9,51.5,36.6,25,26.4,93,4.5,2.4,5,3,0.362358376,0.325371689,0.312269935,0.637641624,IA-02,IA,2,daveloebsack,D,105,125,0,0.543478261,0.456521739,0.543478261
131,"Congressional District 2 (113th Congress), Kansas",46634,59484,26.8,2,2.8,53.3,37.8,26.2,26.9,91,6.1,1.9,5.8,2.5,0.372938305,0.340981828,0.286079867,0.627061695,KS-02,KS,2,replynnjenkins,R,1957,1265,7,0.391762155,0.606069991,0.392613284
132,"Congressional District 2 (113th Congress), Kentucky",43381,57055,25.4,1.7,2,56.1,41.2,29.2,17.7,91.8,6.7,1.5,3,2.1,0.511492023,0.369062776,0.119445202,0.488507977,KY-02,KY,2,repguthrie,R,51,36,0,0.413793103,0.586206897,0.413793103
133,"Congressional District 2 (113th Congress), Louisiana",35778,52304,22.1,2.1,2.4,62.7,49.1,37.2,20.1,32.4,63.1,2.9,5.8,1.8,0.042613743,0.92137737,0.036008887,0.957386257,LA-02,LA,2,reprichmond,D,601,428,6,0.41352657,0.580676329,0.415937804
134,"Congressional District 2 (113th Congress), Maine",41526,53746,23,1.5,1.8,58.1,43.1,30.4,21.5,97.4,1.1,1,1.1,3.3,0.765521324,0.146073798,0.088404877,0.234478676,ME-02,ME,2,repmikemichaud,D,263,210,0,0.44397463,0.55602537,0.44397463
135,"Congressional District 2 (113th Congress), Maryland",60398,74922,39.2,3.7,5.8,40.4,27.4,18.3,27.8,60,34,6,5.8,0.2,0.005321691,0.994678309,0,0.994678309,MD-02,MD,2,call_me_dutch,D,670,593,4,0.468034728,0.528808208,0.469517023
136,"Congressional District 2 (113th Congress), Massachusetts",61822,78710,41.1,5,6.7,41.2,29.6,21,36,88.3,5.6,5.4,8.6,0.6,0.183925582,0.732259545,0.083814873,0.816074418,MA-02,MA,2,repmcgovern,D,1277,693,8,0.350353893,0.645601618,0.35177665
137,"Congressional District 2 (113th Congress), Michigan",46703,59187,26.2,1.8,2.5,53.1,37.4,25.2,23,89,7.3,2.6,8.5,2.1,0.303119582,0.642051016,0.054829402,0.696880418,MI-02,MI,2,rephuizenga,R,2311,862,14,0.2704738,0.725133354,0.271667192
138,"Congressional District 2 (113th Congress), Minnesota",72307,87354,47.9,5.7,7.5,32.8,20.8,13.8,36.7,89.3,4.9,5.1,5.4,1.3,0.13103025,0.720353711,0.14861604,0.86896975,MN-02,MN,2,repjohnkline,R,1292,773,7,0.373069498,0.623552124,0.37433414
139,"Congressional District 2 (113th Congress), Mississippi",31251,44684,16.4,1.4,1.6,68.8,54.5,42.1,17.9,33.5,65.1,0.6,1.8,3.8,0.450685305,0.23475586,0.314558835,0.549314695,MS-02,MS,2,benniegthompson,D,104,133,0,0.561181435,0.438818565,0.561181435
140,"Congressional District 2 (113th Congress), Missouri",72298,98248,48.2,8.5,8,34,21.7,13.8,46.3,91.5,4.4,4.7,2.5,0.6,0.012664695,0.975597218,0.011738087,0.987335305,MO-02,MO,2,repannwagner,R,567,338,9,0.369803063,0.620350109,0.373480663
141,"Congressional District 2 (113th Congress), Nebraska",55679,73794,35.9,4.2,4.6,45.2,31.7,21.3,37,82.7,11.5,3.3,10.4,0.7,0.032136136,0.967863864,0,0.967863864,NE-02,NE,2,leeterryne,R,1943,1130,14,0.366051182,0.62941367,0.367718842
142,"Congressional District 2 (113th Congress), New Hampshire",63069,80073,42.2,5.2,6.1,40,26.8,17.8,33.9,95.8,1.5,2.9,2.9,1,0.529460088,0.267689415,0.202850497,0.470539912,NH-02,NH,2,repanniekuster,D,411,373,1,0.475159236,0.523566879,0.475765306
143,"Congressional District 2 (113th Congress), New Jersey",57378,74141,37.9,4,5.7,43.8,30.8,21.2,23.4,76.3,14.7,4.3,14.9,1.4,0.146700104,0.765037682,0.088262213,0.853299896,NJ-02,NJ,2,replobiondo,R,903,777,6,0.460854093,0.535587189,0.4625
144,"Congressional District 2 (113th Congress), New Mexico",38687,53526,23.2,1.5,2.7,60.7,45.8,33.2,19.5,82.6,2.2,0.9,52,8.3,0.310369029,0.285400611,0.40423036,0.689630971,NM-02,NM,2,repstevepearce,R,1130,1079,14,0.485380117,0.508322087,0.488456315
145,"Congressional District 2 (113th Congress), New York",85174,100146,56.6,8.2,11.3,27,16.9,11,27.3,78.6,10.1,3.7,21.9,0.1,0.011840951,0.988159049,0,0.988159049,NY-02,NY,2,reppeteking,R,945,761,8,0.443990665,0.55134189,0.446072685
146,"Congressional District 2 (113th Congress), North Carolina",49742,65425,30.6,3.4,3.7,50.2,36.3,24.2,27.3,75.7,17.8,4.1,10.9,1.4,0.354911363,0.415202316,0.22988632,0.645088637,NC-02,NC,2,repreneeellmers,R,2535,651,14,0.2034375,0.7921875,0.20433145
147,"Congressional District 2 (113th Congress), Ohio",49070,67514,30.9,4,4,50.9,36.8,25.6,28.5,89.7,9.5,1.6,1.5,0.7,0.251458118,0.619401785,0.129140097,0.748541882,OH-02,OH,2,bradwenstrup,R,180,356,4,0.659259259,0.333333333,0.664179104
148,"Congressional District 2 (113th Congress), Oklahoma",38050,49551,19.7,1.3,1.6,62.3,46.4,33.9,16.1,79.7,4.5,0.7,4.4,5.3,0.673114264,0.005670721,0.321215016,0.326885736,OK-02,OK,2,markwaynemullin,R,81,131,1,0.615023474,0.38028169,0.617924528
149,"Congressional District 2 (113th Congress), Oregon",42373,56083,24.1,2,2.2,57.3,41.5,28.9,22.2,93.5,1,1.7,12.6,6.9,0.360003835,0.375089173,0.264906993,0.639996165,OR-02,OR,2,repgregwalden,R,579,373,3,0.390575916,0.606282723,0.391806723
150,"Congressional District 2 (113th Congress), Pennsylvania",34897,61718,23.7,5,3.1,61.9,50.1,38.8,31.8,32.8,60.7,5.3,5.8,0.2,0,1,0,1,PA-02,PA,2,chakafattah,D,2251,913,13,0.28737803,0.70853006,0.288558786
151,"Congressional District 2 (113th Congress), Rhode Island",58744,75918,38.9,4.4,5.9,43,30.2,21.6,31,86.2,5,3.6,11,0.4,0.155257375,0.833348502,0.011394122,0.844742625,RI-02,RI,2,jimlangevin,D,783,754,5,0.488975357,0.507782101,0.490566038
152,"Congressional District 2 (113th Congress), Texas",70450,96209,47.2,9,8.1,35.1,23.3,14.4,38.4,73.6,12,7.7,30.7,3.7,0.017507286,0.982492714,0,0.982492714,TX-02,TX,2,judgetedpoe,R,1243,793,35,0.382906808,0.600193143,0.389489194
153,"Congressional District 2 (113th Congress), Utah",51276,66316,30.6,3.2,3.3,48.7,33.6,23.1,29.4,89.2,1.9,3,14.5,2.5,0.17307807,0.657546762,0.169375168,0.82692193,UT-02,UT,2,chrisstewart4ut,R,179,370,1,0.672727273,0.325454545,0.673952641
154,"Congressional District 2 (113th Congress), Virginia",60316,76734,38.5,4,5.4,40.9,26.2,16.7,30.3,70.8,23.8,6.5,7.2,0.7,0.103208966,0.896791034,0,0.896791034,VA-02,VA,2,repscottrigell,R,1478,1259,9,0.458485069,0.538237436,0.459992693
155,"Congressional District 2 (113th Congress), Washington",56690,69651,36.1,2.7,4.5,44.1,30.1,20,28.5,85.1,3.8,9.3,10.4,1,0.186618793,0.706518151,0.106863056,0.813381207,WA-02,WA,2,larsenrick,D,956,577,9,0.374189364,0.61997406,0.376386171
156,"Congressional District 2 (113th Congress), West Virginia",43963,59110,26.2,2.3,2.8,55.5,40.5,29.2,20.1,95.1,4.4,1.1,1.8,3.4,0.502284775,0.391494554,0.106220671,0.497715225,WV-02,WV,2,repshelley,R,532,441,3,0.451844262,0.545081967,0.45323741
157,"Congressional District 2 (113th Congress), Wisconsin",56859,72568,36.9,3.6,4.5,44,30.4,20.3,37.9,90.1,5.6,4.1,6,2.4,0.232988977,0.636162863,0.13084816,0.767011023,WI-02,WI,2,markpocan,D,237,172,1,0.419512195,0.57804878,0.420537897
158,"Congressional District 20 (113th Congress), Texas",45340,57850,26.5,1.8,2.7,54.6,38.9,26.8,22.6,80,5.5,3.5,68.4,0.6,0.004127275,0.995872725,0,0.995872725,TX-20,TX,20,castro4congress,D,439,560,37,0.540540541,0.423745174,0.560560561
159,"Congressional District 21 (113th Congress), California",37357,51110,19.8,1.4,2.3,62.9,46.6,32.1,8.3,70.1,5.4,4.1,71.4,28.1,0.157694185,0.465849985,0.37645583,0.842305815,CA-21,CA,21,dgvaladao,R,157,163,5,0.501538462,0.483076923,0.509375
160,"Congressional District 21 (113th Congress), Florida",54554,77149,36.4,5,5.5,45.8,31.7,21.3,34.2,81.7,13.5,4.1,20.5,0.4,0.005517862,0.994482138,0,0.994482138,FL-21,FL,21,repteddeutch,D,806,408,7,0.334152334,0.66011466,0.336079077
161,"Congressional District 21 (113th Congress), New York",48904,61513,28.9,2,3.1,51,36.3,24.6,21.4,94.1,3.8,1.4,2.8,2.3,0.649723025,0.182274708,0.168002267,0.350276975,NY-21,NY,21,billowensny,D,1089,715,12,0.393722467,0.599669604,0.396341463
162,"Congressional District 21 (113th Congress), Texas",58500,82071,39.1,6.4,6.3,43.2,30.1,20.6,44,88.8,4.1,3.8,27.2,1.6,0.222493999,0.692375024,0.085130977,0.777506001,TX-21,TX,21,lamarsmithtx21,R,543,180,22,0.241610738,0.72885906,0.248962656
163,"Congressional District 22 (113th Congress), California",52070,69747,33.4,3.7,4.9,48.3,34.3,23.6,23.2,76.1,3.9,8.4,45.3,8.5,0.079839035,0.818629108,0.101531857,0.920160965,CA-22,CA,22,devinnunes,R,875,382,7,0.30221519,0.692246835,0.30389817
164,"Congressional District 22 (113th Congress), Florida",52562,81252,34.4,6.8,4.6,47.4,33.4,23,35.5,83.5,12.3,2.6,20.5,1,0,1,0,1,FL-22,FL,22,reploisfrankel,D,324,219,5,0.399635036,0.591240876,0.403314917
165,"Congressional District 22 (113th Congress), New York",47249,60524,28.1,2,3.3,52.5,37.3,26.1,23.4,92.7,4.7,2.7,3.2,1.5,0.428299445,0.384136781,0.187563774,0.571700555,NY-22,NY,22,reprichardhanna,R,1450,695,1,0.323858341,0.675675676,0.324009324
166,"Congressional District 22 (113th Congress), Texas",82284,102026,54.1,10.1,10.1,29.8,20,13,39.9,66,13.4,18.2,24.8,4.4,0.071644705,0.91922502,0.009130275,0.928355295,TX-22,TX,22,peteolson,R,294,202,10,0.399209486,0.581027668,0.407258065
167,"Congressional District 23 (113th Congress), California",53342,69037,34.5,3.2,5.1,47,34.5,24.6,18.9,78.5,7.4,6.2,36.2,9,0.160111338,0.678951753,0.160936908,0.839888662,CA-23,CA,23,kevinomccarthy,R,293,450,5,0.601604278,0.39171123,0.605652759
168,"Congressional District 23 (113th Congress), Florida",52006,79495,35.2,6.4,5.6,48.4,35.4,25,36.2,78.6,12.7,4.2,38.5,0.3,0.000354231,0.999645769,0,0.999645769,FL-23,FL,23,dwstweets,D,1821,1334,31,0.418706842,0.571563089,0.422820919
169,"Congressional District 23 (113th Congress), New York",46201,59045,26.4,1.9,3,53.6,38.4,27.1,24.1,93.5,3.7,2.5,3.3,3.1,0.553965998,0.152359667,0.293674335,0.446034002,NY-23,NY,23,reptomreed,R,284,256,3,0.47145488,0.523020258,0.474074074
170,"Congressional District 23 (113th Congress), Texas",46956,66527,29.6,4,4.4,52.8,38.8,27.4,20.5,85.6,3.4,1.6,69.9,6,0.260913958,0.409014216,0.330071827,0.739086042,TX-23,TX,23,petegallego,D,642,847,46,0.551791531,0.418241042,0.568838146
171,"Congressional District 24 (113th Congress), California",59277,81318,39.6,5.8,6.1,42.7,29.9,20.5,31.2,82.2,2.7,5.9,34.5,6.9,0.11167756,0.765450254,0.122872186,0.88832244,CA-24,CA,24,reploiscapps,D,798,556,10,0.407624633,0.585043988,0.410635155
172,"Congressional District 24 (113th Congress), Florida",37264,51523,21.2,1.7,2.2,61.9,47.1,34.8,19.9,38.5,57.2,2.1,30.8,0.3,0,1,0,1,FL-24,FL,24,repwilson,D,838,695,7,0.451298701,0.544155844,0.453359426
173,"Congressional District 24 (113th Congress), New York",52248,66565,32.8,2.8,3.9,47.8,34.2,24.1,28,87.7,9.4,2.8,3.8,1.3,0.273110781,0.583569305,0.143319913,0.726889219,NY-24,NY,24,danmaffeiny,D,42,82,1,0.656,0.336,0.661290323
174,"Congressional District 24 (113th Congress), Texas",61195,88160,40.5,7.7,6.7,41,26.3,16.3,42.1,70.8,11.5,11.8,23.9,0.7,0.001038082,0.998961918,0,0.998961918,TX-24,TX,24,repkenmarchant,R,2441,575,37,0.188339338,0.799541435,0.190649867
175,"Congressional District 25 (113th Congress), California",71607,89045,47.9,7,8.1,35.6,23.7,16.3,26.5,68.2,9.4,9.6,36.6,0.7,0.069505472,0.915595923,0.014898605,0.930494528,CA-25,CA,25,buckmckeon,R,960,382,3,0.28401487,0.713754647,0.284649776
176,"Congressional District 25 (113th Congress), Florida",47581,62839,28.6,2.8,3.3,52.3,37.4,25.4,24.2,86.7,8.3,2.2,71.4,2,0.060669013,0.881525648,0.05780534,0.939330987,FL-25,FL,25,mariodb,R,902,753,34,0.445825933,0.534043813,0.454984894
177,"Congressional District 25 (113th Congress), New York",50883,67585,32.9,3.4,4.1,49.2,35.7,24.9,35.4,77.8,17.1,4,7.7,0.3,0.040904101,0.940413303,0.018682596,0.959095899,NY-25,NY,25,louiseslaughter,D,916,390,4,0.297709924,0.699236641,0.298621746
178,"Congressional District 25 (113th Congress), Texas",58381,82057,38.9,6.6,5.6,43.2,29.2,19.8,34,86.3,8.4,3.3,18.1,2.6,0.35786986,0.467879899,0.174250241,0.64213014,TX-25,TX,25,rogerwilliamstx,R,659,774,19,0.533057851,0.453856749,0.540125611
179,"Congressional District 26 (113th Congress), California",72661,95338,48.3,8.6,8.5,34.8,23.2,15.9,31.2,79.6,2.6,8.3,43.7,5.8,0.034059404,0.910287236,0.055653359,0.965940596,CA-26,CA,26,juliabrownley,D,256,194,3,0.428256071,0.565121413,0.431111111
180,"Congressional District 26 (113th Congress), Florida",50200,66374,31.3,3.4,3.9,49.8,35.3,24.5,26.6,85.6,10.8,2.2,68.5,1.9,0.036729749,0.785495361,0.17777489,0.963270251,FL-26,FL,26,joegarcia,D,1028,1252,3,0.548401226,0.450284713,0.549122807
181,"Congressional District 26 (113th Congress), New York",42320,56826,26.1,2,2.8,56.5,42.6,31.3,28.6,76,19.3,3.7,5.3,0.2,0.003730735,0.996269265,0,0.996269265,NY-26,NY,26,repbrianhiggins,D,1695,1470,12,0.462700661,0.533522191,0.464454976
182,"Congressional District 26 (113th Congress), Texas",76861,93639,51.1,7.1,8.6,30.6,19.8,12.7,39.4,84.7,8.1,6.1,17.3,1.6,0.069874135,0.886640366,0.043485499,0.930125865,TX-26,TX,26,michaelcburgess,R,2159,851,39,0.279107904,0.708101017,0.282724252
183,"Congressional District 27 (113th Congress), California",66850,92096,44.8,8.7,7.6,38.3,26.8,18.7,39.8,48.3,5.3,38.7,27.1,0.3,0.002105084,0.997775177,0.000119739,0.997894916,CA-27,CA,27,repjudychu,D,777,440,5,0.360065466,0.635842881,0.361544782
184,"Congressional District 27 (113th Congress), Florida",39694,70470,27.6,6.3,4,58.5,45.6,33.6,28.2,88,8.6,2,73,0.7,0.000165642,0.999834358,0,0.999834358,FL-27,FL,27,roslehtinen,R,2139,1000,17,0.316856781,0.677756654,0.318572794
185,"Congressional District 27 (113th Congress), New York",58161,72721,36.7,3.3,4.6,42.2,28.4,18.6,28.2,95,3.1,1.3,2.5,1.9,0.416817458,0.363537545,0.219644998,0.583182542,NY-27,NY,27,collinsny27,R,127,106,1,0.452991453,0.542735043,0.454935622
186,"Congressional District 27 (113th Congress), Texas",46092,61995,28.2,2.7,3.2,53.4,39.1,26.8,18.2,87.1,6.3,1.7,50.1,5.5,0.282056018,0.516880615,0.201063367,0.717943982,TX-27,TX,27,farenthold,R,1815,1204,86,0.387761675,0.584541063,0.398807552
187,"Congressional District 28 (113th Congress), California",52938,81167,36.7,7.5,5.7,47.3,35.5,25.9,41.6,72.8,3.5,15.2,26.1,0.2,0.001264043,0.998735957,0,0.998735957,CA-28,CA,28,repadamschiff,D,917,474,8,0.338813438,0.655468192,0.340762042
188,"Congressional District 28 (113th Congress), Texas",41881,55486,24.6,1.8,2.4,57.2,42.8,31.2,17.2,87.2,5.1,1.3,76.7,3.5,0.196658092,0.671836655,0.131505252,0.803341908,TX-28,TX,28,repcuellar,D,1036,600,39,0.358208955,0.618507463,0.366748166
189,"Congressional District 29 (113th Congress), Texas",37120,48176,19.1,0.9,1.5,63.1,47.2,32.8,8.5,69.9,10.4,2,76.5,1.7,0.000539126,0.999460874,0,0.999460874,TX-29,TX,29,repgenegreen,D,166,105,8,0.376344086,0.594982079,0.387453875
190,"Congressional District 3 (113th Congress), Alabama",39956,53634,23.6,1.8,2.4,59.4,45.2,32.9,19.6,72.1,26,1.4,2.8,1.4,0.50835988,0.350864804,0.140775316,0.49164012,AL-03,AL,3,repmikerogersal,R,1066,646,16,0.373842593,0.616898148,0.377336449
191,"Congressional District 3 (113th Congress), Arizona",40551,52018,21.9,1,2.1,59.2,43.5,30.5,15.4,74.8,5.2,2.2,62.1,3.6,0.123384072,0.723215116,0.153400812,0.876615928,AZ-03,AZ,3,repraulgrijalva,D,1134,393,12,0.255360624,0.736842105,0.257367387
192,"Congressional District 3 (113th Congress), Arkansas",42700,59233,25,2.6,3.3,56.8,40.9,28.1,24,88.2,3.6,2.9,13,2.3,0.339101069,0.557421515,0.103477416,0.660898931,AR-03,AR,3,rep_stevewomack,R,1089,939,7,0.461425061,0.535135135,0.463017751
193,"Congressional District 3 (113th Congress), California",54849,73019,36,4.2,5.5,45.5,32.1,22.2,23.6,70.1,7.4,13.3,27.9,5.3,0.147480824,0.677380468,0.175138708,0.852519176,CA-03,CA,3,repgaramendi,D,2068,1034,12,0.332048812,0.664097624,0.333333333
194,"Congressional District 3 (113th Congress), Colorado",47466,63330,28.8,2.9,3.4,52.1,37.1,25.6,28.9,90.2,1.4,1.1,24.2,5.5,0.414833394,0.319272483,0.265894123,0.585166606,CO-03,CO,3,reptipton,R,544,268,2,0.329238329,0.668304668,0.330049261
195,"Congressional District 3 (113th Congress), Connecticut",61625,80986,41.4,5.5,6.8,41,29.5,20.5,33.5,77.8,14.4,4.5,13.2,0.3,0.030172815,0.969827185,0,0.969827185,CT-03,CT,3,rosadelauro,D,1714,751,8,0.303679741,0.693085321,0.304665314
196,"Congressional District 3 (113th Congress), Florida",43835,58601,26.3,2.4,2.8,55.7,40.5,29,23.7,81.1,14.8,3.7,8,2.4,0.453830076,0.437855865,0.108314059,0.546169924,FL-03,FL,3,tedyoho,R,111,336,1,0.75,0.247767857,0.751677852
197,"Congressional District 3 (113th Congress), Georgia",51618,66941,32.2,3.3,4,48.5,34.1,24.4,23.8,73.2,24.7,2.2,5.5,0.7,0.396572354,0.442632904,0.160794742,0.603427646,GA-03,GA,3,repwestmoreland,R,1116,581,9,0.34056272,0.654161782,0.342368886
198,"Congressional District 3 (113th Congress), Indiana",48010,60993,26.3,2.1,2.4,51.9,34.6,22.7,21.1,90.3,7.2,1.9,5.6,1.7,0.338511693,0.439737267,0.22175104,0.661488307,IN-03,IN,3,repstutzman,R,592,230,7,0.277442702,0.71411339,0.279805353
199,"Congressional District 3 (113th Congress), Kansas",64446,85389,42.8,6.1,6.4,38.5,25.8,17.1,43.6,84.3,10.1,4.5,11.5,0.6,0.046915355,0.934841091,0.018243554,0.953084645,KS-03,KS,3,repkevinyoder,R,1485,1677,3,0.52985782,0.469194313,0.530360531
200,"Congressional District 3 (113th Congress), Kentucky",44588,62957,27.8,3.4,3.2,54.7,39.9,28.2,29.5,75.4,22.7,2.7,4.6,0.2,0.006387623,0.993612377,0,0.993612377,KY-03,KY,3,repjohnyarmuth,D,664,414,4,0.382624769,0.613678373,0.384044527
201,"Congressional District 3 (113th Congress), Maryland",74954,97402,50,9.4,9,32.8,22.4,15.6,44.7,67.8,22.9,8,7.3,0.2,0.012912866,0.987087134,0,0.987087134,MD-03,MD,3,johnsarbanes,D,141,178,2,0.554517134,0.439252336,0.55799373
202,"Congressional District 3 (113th Congress), Massachusetts",66247,88161,44.7,7.6,7.9,39.3,28.4,20.3,35.6,79.7,4.8,7.6,16.6,0.4,0.091082656,0.908917344,0,0.908917344,MA-03,MA,3,nikiinthehouse,D,1162,1157,5,0.497848537,0.5,0.498921949
203,"Congressional District 3 (113th Congress), Michigan",49794,64961,30.3,3,3.2,50.1,35.7,24.2,27.4,87.4,10.6,1.9,7.1,1.5,0.306846286,0.593890221,0.099263493,0.693153714,MI-03,MI,3,repjustinamash,R,2064,1089,25,0.342668345,0.649465072,0.345385347
204,"Congressional District 3 (113th Congress), Minnesota",76020,104028,50.7,10.1,8.3,31.9,20.6,12.8,45.9,85.3,7.9,7.1,4.2,0.6,0.039474067,0.96025656,0.000269373,0.960525933,MN-03,MN,3,reperikpaulsen,R,1570,1031,7,0.395322086,0.601993865,0.396386005
205,"Congressional District 3 (113th Congress), Mississippi",40500,58168,25.5,3,2.8,58.4,44.2,32.3,24.6,62.4,35.4,1.1,2.2,3.4,0.566548349,0.232697182,0.200754469,0.433451651,MS-03,MS,3,greggharper,R,1222,664,4,0.351322751,0.646560847,0.352067869
206,"Congressional District 3 (113th Congress), Nebraska",45726,57743,25.4,1.8,2.1,54,38,25.6,20,95.3,1.3,0.9,10.2,10,0.552947367,0.091479263,0.35557337,0.447052633,NE-03,NE,3,repadriansmith,R,601,288,6,0.321787709,0.67150838,0.323959505
207,"Congressional District 3 (113th Congress), Nevada",62954,81920,40.4,5.3,5.4,38.8,24.7,15.2,30.8,75.2,8.5,14.9,16.4,0.3,0.024187912,0.939466232,0.036345857,0.975812088,NV-03,NV,3,repjoeheck,R,1261,910,3,0.418583257,0.580036799,0.419161677
208,"Congressional District 3 (113th Congress), New Jersey",71330,89915,47.7,6.5,8.5,34.8,22.7,14.7,30.9,83.6,11.9,4.2,7,0.4,0.037755903,0.925298913,0.036945184,0.962244097,NJ-03,NJ,3,repjonrunyan,R,199,398,0,0.666666667,0.333333333,0.666666667
209,"Congressional District 3 (113th Congress), New Mexico",45644,62739,29,3.2,3.8,53.7,39.3,28.3,26.3,69.4,2.3,1.7,39.3,4.2,0.352853799,0.361841396,0.285304805,0.647146201,NM-03,NM,3,repbenraylujan,D,475,294,2,0.381322957,0.616083009,0.382314694
210,"Congressional District 3 (113th Congress), New York",97462,135225,61.4,18.2,11.6,25.1,17.1,11.2,49.9,79.4,3.4,13.9,9.8,0.1,0.005779364,0.994220636,0,0.994220636,NY-03,NY,3,repsteveisrael,D,1041,729,4,0.410935738,0.58680947,0.411864407
211,"Congressional District 3 (113th Congress), North Carolina",45177,58173,25.5,2.1,2.4,55,38.4,25.8,22.3,76.4,20.2,1.9,6.6,2.8,0.437202355,0.309602754,0.25319489,0.562797645,NC-03,NC,3,repwalterjones,R,691,252,1,0.266949153,0.731991525,0.267232238
212,"Congressional District 3 (113th Congress), Oklahoma",44889,58813,26.2,2.2,2.6,54.7,39,26.7,21.3,85.9,4.8,1.7,8.4,9,0.489676549,0.118270743,0.392052708,0.510323451,OK-03,OK,3,frankdlucas,R,83,69,2,0.448051948,0.538961039,0.453947368
213,"Congressional District 3 (113th Congress), Oregon",50598,67214,32.1,3.3,3.9,49.4,35.7,24.8,35.2,82.7,6.6,7.9,10.7,1,0.061541495,0.915411915,0.023046591,0.938458505,OR-03,OR,3,repblumenauer,D,704,404,8,0.362007168,0.630824373,0.364620939
214,"Congressional District 3 (113th Congress), Pennsylvania",45234,59433,26.5,2.3,2.8,54.6,39.2,27.1,22.7,93.8,5.6,1.1,1.9,1.8,0.411859756,0.358406575,0.229733669,0.588140244,PA-03,PA,3,mikekellypa,R,416,132,1,0.240437158,0.757741348,0.240875912
215,"Congressional District 3 (113th Congress), South Carolina",40013,54215,22.8,1.7,2.4,59.5,44.6,32.1,19.1,79.1,19.2,1,4.5,1.3,0.51801981,0.3141775,0.16780269,0.48198019,SC-03,SC,3,repjeffduncan,R,1637,798,10,0.326380368,0.669529652,0.327720739
216,"Congressional District 3 (113th Congress), Tennessee",41107,57571,24.5,2.4,2.6,58.3,43.5,30.8,20.4,86.7,11.6,1.4,3.3,0.9,0.369852085,0.510036165,0.120111749,0.630147915,TN-03,TN,3,repchuck,R,547,475,3,0.463414634,0.533658537,0.464774951
217,"Congressional District 3 (113th Congress), Texas",83554,105045,54.4,10.7,10.5,30,19.2,11.5,50.8,75.7,9.6,13.7,14.7,1,0.030855359,0.966443002,0.002701638,0.969144641,TX-03,TX,3,samspressshop,R,217,109,6,0.328313253,0.653614458,0.334355828
218,"Congressional District 3 (113th Congress), Utah",61041,78738,38.2,4.6,5.1,40.3,26.7,18,36.7,92.9,0.9,2.7,10,1.7,0.098755379,0.820889346,0.080355276,0.901244621,UT-03,UT,3,jasoninthehouse,R,2044,1158,21,0.359292585,0.634191747,0.361648969
219,"Congressional District 3 (113th Congress), Virginia",41114,53265,22.6,1.6,2.2,59.3,43.1,31,21.8,37.8,59.9,2.5,5.5,0.3,0.050791417,0.949208583,0,0.949208583,VA-03,VA,3,repbobbyscott,D,403,336,2,0.453441296,0.543859649,0.454668471
220,"Congressional District 3 (113th Congress), Washington",51704,65681,31.5,2.6,3.9,48.1,32.6,22,22.3,91.1,2.4,4.3,8.2,2.5,0.286547891,0.602275495,0.111176614,0.713452109,WA-03,WA,3,herrerabeutler,R,102,38,0,0.271428571,0.728571429,0.271428571
221,"Congressional District 3 (113th Congress), Wisconsin",47261,59071,26.8,1.7,2.4,52.6,37,25.2,22.8,95.6,1.5,2.5,2.2,4.3,0.499182772,0.266813001,0.234004226,0.500817228,WI-03,WI,3,repronkind,D,361,307,3,0.45752608,0.538002981,0.459580838
222,"Congressional District 30 (113th Congress), California",67412,95212,45.3,9.5,6.9,37.8,26.2,17.9,41.2,71.5,5.4,15.1,28.6,0.3,0.001070777,0.998929223,0,0.998929223,CA-30,CA,30,bradsherman,D,249,136,1,0.352331606,0.64507772,0.353246753
223,"Congressional District 30 (113th Congress), Texas",41413,54975,23.8,1.7,2.5,57.8,42.5,30.1,19.3,41.8,46.2,2.1,34.7,0.5,0.013910461,0.986089539,0,0.986089539,TX-30,TX,30,repebj,D,1858,1280,78,0.39800995,0.577736318,0.407903123
224,"Congressional District 31 (113th Congress), California",53586,69686,35.3,3.6,5.1,46.3,33,23.1,21.8,62.4,12.1,9.8,50.5,0.6,0.004743571,0.995256429,0,0.995256429,CA-31,CA,31,repgarymiller,R,196,90,1,0.31358885,0.682926829,0.314685315
225,"Congressional District 31 (113th Congress), Texas",60968,75057,39.6,3.4,5.3,39.8,25.7,16.6,31.8,80.8,12.8,5.5,23,0.9,0.138066439,0.839152726,0.022780836,0.861933561,TX-31,TX,31,judgecarter,R,2271,864,38,0.27229751,0.715726442,0.275598086
226,"Congressional District 32 (113th Congress), California",58377,71808,37.7,3,5.1,42.9,29.2,19.2,19.4,53.5,3.5,16.9,62.6,0.8,0.000517071,0.999482929,0,0.999482929,CA-32,CA,32,gracenapolitano,D,431,334,2,0.435462842,0.561929596,0.436601307
227,"Congressional District 32 (113th Congress), Texas",62569,93228,41.6,8.7,6,40.1,27.6,17.8,41.2,66.8,13.2,8.3,27,0.8,0.001408343,0.998591657,0,0.998591657,TX-32,TX,32,petesessions,R,1928,883,27,0.311134602,0.679351656,0.314123088
228,"Congressional District 33 (113th Congress), California",92060,142423,57.3,19.2,9.9,28.8,20.8,15.1,62.1,79.9,4.1,16.4,11.6,0.3,0.016710709,0.983289291,0,0.983289291,CA-33,CA,33,waxmanhenry,D,40,49,0,0.550561798,0.449438202,0.550561798
229,"Congressional District 33 (113th Congress), Texas",33647,43085,13.5,0.6,1,68.7,51.8,36.2,8.7,63.8,16.3,2.4,65.8,0.7,0.000160896,0.999839104,0,0.999839104,TX-33,TX,33,marcveasey,D,154,243,9,0.598522167,0.379310345,0.61209068
230,"Congressional District 34 (113th Congress), California",33765,48335,18.3,1.7,2.2,66.3,51.2,38,20.5,38.6,4.7,20,66.1,0.5,0,1,0,1,CA-34,CA,34,repbecerra,D,788,347,2,0.305189094,0.693051891,0.305726872
231,"Congressional District 34 (113th Congress), Texas",33897,48900,18.2,1.8,1.8,65.3,51.5,38.2,13.9,90.5,1.6,0.7,82.8,5.4,0.178921998,0.608754793,0.21232321,0.821078002,TX-34,TX,34,filemonvela,D,52,67,6,0.536,0.416,0.56302521
232,"Congressional District 35 (113th Congress), California",53156,63492,32.1,1.7,3.6,46.9,31.3,20.4,13.8,63.2,8.2,7.5,69.8,0.8,0.003383634,0.996616366,0,0.996616366,CA-35,CA,35,maxinewaters,D,716,309,19,0.295977011,0.685823755,0.301463415
233,"Congressional District 35 (113th Congress), California",53156,63492,32.1,1.7,3.6,46.9,31.3,20.4,13.8,63.2,8.2,7.5,69.8,0.8,0.003383634,0.996616366,0,0.996616366,CA-35,CA,35,repmcleod,D,135,96,0,0.415584416,0.584415584,0.415584416
234,"Congressional District 35 (113th Congress), Texas",38767,50050,20.4,1,1.8,61.9,45.4,32.6,16.3,69.3,10.9,2,63,0.7,0.037066768,0.947203651,0.015729581,0.962933232,TX-35,TX,35,replloyddoggett,D,699,484,16,0.403669725,0.582985822,0.409129332
235,"Congressional District 36 (113th Congress), California",44034,63688,27.8,3.6,3.5,55.5,40.2,28.2,19.7,70.7,5.6,4.2,47.1,3.6,0.084956316,0.836827833,0.078215851,0.915043684,CA-36,CA,36,congressmanruiz,D,73,58,0,0.442748092,0.557251908,0.442748092
236,"Congressional District 37 (113th Congress), California",48184,72415,32.1,6.1,4.8,51.5,38.4,28.9,35.8,42.1,26.3,11.1,38.2,0.5,0,1,0,1,CA-37,CA,37,repkarenbass,D,874,647,14,0.421498371,0.569381107,0.425378041
237,"Congressional District 38 (113th Congress), California",61220,75406,39.9,3.5,5.7,40.7,26.9,17.5,21.1,53.6,4.7,16.1,61,0.5,0,1,0,1,CA-38,CA,38,replindasanchez,D,715,564,5,0.439252336,0.556853583,0.440969507
238,"Congressional District 39 (113th Congress), California",76217,97207,50.7,8.7,9.1,31.7,20.6,13.8,38.1,57.7,2.9,30.6,33.9,0.4,0.005891731,0.994108269,0,0.994108269,CA-39,CA,39,repedroyce,R,694,315,9,0.309430255,0.68172888,0.312190287
239,"Congressional District 4 (113th Congress), Alabama",37694,51299,20.7,1.7,2,62.4,46.9,33.8,14.5,90.1,7.6,0.8,5.8,3.3,0.659482164,0.181717034,0.158800802,0.340517836,AL-04,AL,4,robert_aderholt,R,573,287,7,0.331026528,0.660899654,0.33372093
240,"Congressional District 4 (113th Congress), Arizona",42948,54707,22.6,1.7,2.3,57.4,40.5,27.1,18,90.1,2.2,1.7,18.6,2.8,0.291355252,0.479126957,0.229517791,0.708644748,AZ-04,AZ,4,repgosar,R,2010,1171,11,0.366854637,0.629699248,0.368123232
241,"Congressional District 4 (113th Congress), Arkansas",36163,49234,19.4,1.4,1.7,63.5,48.6,35.5,15.4,76.5,20.3,0.7,5.4,4.9,0.598637907,0.190535383,0.21082671,0.401362093,AR-04,AR,4,tomcottonar,R,761,1053,9,0.577619309,0.417443774,0.580485116
242,"Congressional District 4 (113th Congress), California",62729,82039,42.2,5.9,6.7,40.6,27.9,18.5,30.5,89.5,1.8,5.7,12.3,1.1,0.425512559,0.355734572,0.21875287,0.574487441,CA-04,CA,4,repmcclintock,R,122,64,0,0.344086022,0.655913978,0.344086022
243,"Congressional District 4 (113th Congress), Colorado",60983,78973,40.4,5.2,6.2,42,28.6,19.5,31.8,92,1.8,2.5,21.4,5.4,0.291094643,0.519188474,0.189716883,0.708905357,CO-04,CO,4,repcorygardner,R,906,568,3,0.384563304,0.613405552,0.385345997
244,"Congressional District 4 (113th Congress), Connecticut",81757,138950,53.4,18.8,8.6,32.7,23.4,16.7,47.5,76.1,12.9,5.7,17.7,0.2,0.0419396,0.9580604,0,0.9580604,CT-04,CT,4,jahimes,D,1884,1236,36,0.391634981,0.596958175,0.396153846
245,"Congressional District 4 (113th Congress), Florida",54263,72417,33.9,3.6,3.9,45.8,31,20.4,28.6,79.8,15.2,5.6,7.9,0.4,0.093102781,0.828926419,0.0779708,0.906897219,FL-04,FL,4,andercrenshaw,R,382,229,5,0.371753247,0.62012987,0.374795417
246,"Congressional District 4 (113th Congress), Georgia",48200,61825,28.8,2.2,3.6,51.7,35.8,24.2,28.8,32.3,59.4,5,9.5,0.3,0.038075454,0.961924546,0,0.961924546,GA-04,GA,4,rephankjohnson,D,939,532,10,0.359216745,0.63403106,0.361658736
247,"Congressional District 4 (113th Congress), Illinois",42197,55549,23.2,1.7,2.9,58.1,41.4,27,18.1,61,5,3.5,70.6,0.3,0,1,0,1,IL-04,IL,4,luisgutierrez,D,6,4,0,0.4,0.6,0.4
248,"Congressional District 4 (113th Congress), Indiana",49187,62729,29.7,2.2,3.2,50.8,35.3,23.5,23.3,92.9,4,2.7,5.4,1.9,0.363490511,0.469803597,0.166705892,0.636509489,IN-04,IN,4,toddrokita,R,2115,1102,2,0.342342342,0.657036347,0.342555176
249,"Congressional District 4 (113th Congress), Iowa",47157,60178,26.7,2.2,2.5,52.6,37,25.3,21.5,94.4,1.9,1.9,5.9,7,0.490666241,0.169395607,0.339938152,0.509333759,IA-04,IA,4,stevekingia,R,558,265,4,0.320435308,0.674727932,0.32199271
250,"Congressional District 4 (113th Congress), Iowa",47157,60178,26.7,2.2,2.5,52.6,37,25.3,21.5,94.4,1.9,1.9,5.9,7,0.490666241,0.169395607,0.339938152,0.509333759,IA-04,IA,4,tomlatham,R,680,441,1,0.393048128,0.606060606,0.393398751
251,"Congressional District 4 (113th Congress), Kansas",47921,62150,28.7,2.4,2.7,52,36.4,24.4,26.7,86.2,8.3,3.7,11.2,2.4,0.206797477,0.656612702,0.136589821,0.793202523,KS-04,KS,4,repmikepompeo,R,1294,587,8,0.310746427,0.685018528,0.312068049
252,"Congressional District 4 (113th Congress), Kentucky",52906,68475,33.3,3.4,4.2,47.5,33.5,23.3,25.2,94,4.3,1.3,2.9,1.4,0.322212252,0.611137416,0.066650332,0.677787748,KY-04,KY,4,repthomasmassie,R,710,517,9,0.41828479,0.574433657,0.421352893
253,"Congressional District 4 (113th Congress), Louisiana",40960,57292,25.4,2.4,2.8,57.8,44.3,32.3,18.9,63,34.9,1.3,3.4,5.8,0.431193181,0.387694274,0.181112545,0.568806819,LA-04,LA,4,repfleming,R,829,225,3,0.212866604,0.784295175,0.213472486
254,"Congressional District 4 (113th Congress), Maryland",72629,89837,48.3,6.6,8.1,31.5,19.4,12,30.7,34.3,55.1,3.9,14.9,0.2,0.013976754,0.986023246,0,0.986023246,MD-04,MD,4,repdonnaedwards,D,1535,938,12,0.377464789,0.617706237,0.379296401
255,"Congressional District 4 (113th Congress), Massachusetts",81044,114915,53.2,13.6,9.8,31.7,22.4,16.2,48.6,90.1,3.1,6.5,4.1,0.2,0.061737245,0.938262755,0,0.938262755,MA-04,MA,4,repjoekennedy,D,358,513,6,0.584948689,0.408209806,0.588978186
256,"Congressional District 4 (113th Congress), Michigan",42735,56425,24,1.8,2.5,56.9,40.7,28.3,19.4,95.8,2.5,1.3,2.8,2.9,0.672413145,0.127588592,0.199998264,0.327586855,MI-04,MI,4,repdavecamp,R,1289,345,3,0.210751374,0.787416005,0.211138311
257,"Congressional District 4 (113th Congress), Minnesota",59554,77899,39.2,5.2,5.5,42.7,30,20.6,40.3,77.6,11.1,11.5,6.3,0.6,0.02442758,0.970554043,0.005018377,0.97557242,MN-04,MN,4,bettymccollum04,D,1363,816,4,0.373797526,0.624370133,0.374483708
258,"Congressional District 4 (113th Congress), Mississippi",40462,55092,23.1,1.9,2.8,59,44.5,32.5,19.6,74.3,24,1.8,3.8,3.2,0.424896717,0.479274269,0.095829014,0.575103283,MS-04,MS,4,congpalazzo,R,601,427,9,0.411764706,0.579556413,0.41536965
259,"Congressional District 4 (113th Congress), Missouri",43481,56546,24.6,1.7,2.4,56.1,40.4,28.3,23.9,92.3,5.7,1.9,3.4,2.9,0.529100234,0.215733649,0.255166117,0.470899766,MO-04,MO,4,rephartzler,R,1375,962,8,0.410234542,0.586353945,0.411638853
260,"Congressional District 4 (113th Congress), Nevada",51779,65612,31.6,2.8,3.8,48,33.1,21.8,18.7,68.7,16.4,6.9,27.5,1.4,0.08510164,0.806527054,0.108371306,0.91489836,NV-04,NV,4,rephorsford,D,560,506,3,0.47333957,0.523854069,0.47467167
261,"Congressional District 4 (113th Congress), New York",90503,112856,57.9,13.2,11.1,27.7,18.4,12.3,38.6,70.7,15.6,6.7,18.5,0.2,0.000377091,0.999622909,0,0.999622909,NY-04,NY,4,carolynmccarthy,D,142,86,2,0.373913043,0.617391304,0.377192982
262,"Congressional District 4 (113th Congress), North Carolina",47612,66608,29.9,4.1,4,51.9,37.4,25.3,40.3,57.5,34,6,11.6,0.4,0.097016132,0.889466323,0.013517546,0.902983868,NC-04,NC,4,repdavideprice,D,940,547,3,0.367114094,0.630872483,0.367854741
263,"Congressional District 4 (113th Congress), Ohio",45990,57648,25.9,1.5,2.5,53.8,37.6,25.3,15.8,93,6.6,1.1,3.3,1.8,0.354523561,0.23805088,0.407425559,0.645476439,OH-04,OH,4,jim_jordan,R,557,240,5,0.29925187,0.694513716,0.301129235
264,"Congressional District 4 (113th Congress), Oklahoma",48244,61437,28.5,2.1,3.1,51.7,36.3,24.6,23.4,84,8.2,2.9,7.7,4.6,0.332492645,0.498936347,0.168571008,0.667507355,OK-04,OK,4,tomcoleok04,R,211,112,0,0.346749226,0.653250774,0.346749226
265,"Congressional District 4 (113th Congress), Oregon",41027,54334,23.4,1.6,2.3,58.9,43,30.8,24.5,93.6,1.3,3.2,6.9,3.8,0.289687604,0.452211131,0.258101265,0.710312396,OR-04,OR,4,reppeterdefazio,D,264,109,1,0.29144385,0.705882353,0.292225201
266,"Congressional District 4 (113th Congress), Pennsylvania",56320,69995,35.4,2.9,4.3,44.1,29.8,19.7,24.4,87.7,9,2.3,6.2,1.2,0.228982428,0.72052127,0.050496302,0.771017572,PA-04,PA,4,repscottperry,R,493,386,5,0.436651584,0.557692308,0.439135381
267,"Congressional District 4 (113th Congress), South Carolina",45503,62906,28.6,2.9,3.6,53.8,39.3,28,28,76.4,20.4,2.6,7.3,0.5,0.147907588,0.840582581,0.011509831,0.852092412,SC-04,SC,4,tgowdysc,R,701,319,4,0.311523438,0.684570313,0.312745098
268,"Congressional District 4 (113th Congress), Tennessee",43789,56824,25.4,1.8,2.5,56.2,40.3,28.1,19.8,88.9,8.9,1.8,5.5,1.5,0.450116523,0.368382932,0.181500545,0.549883477,TN-04,TN,4,desjarlaistn04,R,1335,599,7,0.308603812,0.687789799,0.309720786
269,"Congressional District 4 (113th Congress), Utah",59527,70283,35.4,2.5,3.8,40.6,26.4,17.2,26.8,89.3,2,3.3,16.3,1.2,0.043960291,0.928103667,0.027936042,0.956039709,UT-04,UT,4,repjimmatheson,D,559,583,2,0.509615385,0.488636364,0.510507881
270,"Congressional District 4 (113th Congress), Virginia",61755,75055,40.4,3.4,5.3,40.3,26.8,17.2,24.4,64,33.3,2.8,4.9,1.1,0.264722334,0.685313116,0.04996455,0.735277666,VA-04,VA,4,randy_forbes,R,1735,1078,12,0.38159292,0.614159292,0.383220761
271,"Congressional District 4 (113th Congress), Washington",48820,62934,30,2.3,3.6,51,36.3,24.9,19.4,76.9,1.7,2.2,36.6,13.4,0.291590815,0.522877959,0.185531226,0.708409185,WA-04,WA,4,dochastings,R,534,192,3,0.263374486,0.732510288,0.26446281
272,"Congressional District 4 (113th Congress), Wisconsin",37224,51905,21.6,1.8,2.3,61.6,47.2,34.9,25.7,55.9,36.3,3.9,15.9,0.5,0,1,0,1,WI-04,WI,4,repgwenmoore,D,1829,992,11,0.350282486,0.645833333,0.351648352
273,"Congressional District 40 (113th Congress), California",39103,49861,19.8,1.1,1.9,62.2,45.1,31.3,8.4,54.7,5.6,2.5,87.1,1,0,1,0,1,CA-40,CA,40,reproybalallard,D,251,242,1,0.489878543,0.508097166,0.490872211
274,"Congressional District 41 (113th Congress), California",51715,65557,31.7,2.7,4.5,48.3,33.3,22.9,16.5,64.2,10.8,6.4,57.7,0.9,0.01469743,0.98530257,0,0.98530257,CA-41,CA,41,repmarktakano,D,390,223,2,0.362601626,0.634146341,0.363784666
275,"Congressional District 42 (113th Congress), California",71392,85381,47.5,5,8.3,34.2,22.5,14.3,23.5,73.8,6.4,10.7,35.7,0.8,0.05955663,0.94044337,0,0.94044337,CA-42,CA,42,kencalvert,R,1646,307,8,0.156552779,0.83936767,0.15719406
276,"Congressional District 44 (113th Congress), California",44856,57580,26.7,1.5,3.1,54.7,38.9,27.6,11.2,49.5,17.6,6.2,69.5,0.7,0,1,0,1,CA-44,CA,44,rep_janicehahn,D,762,549,4,0.417490494,0.579467681,0.418764302
277,"Congressional District 45 (113th Congress), California",89601,113427,58.5,13.8,10.9,27.4,18.6,13,51.1,69.6,2.3,23.9,18,0.3,0.004821134,0.995178866,0,0.995178866,CA-45,CA,45,repjohncampbell,R,414,193,1,0.317434211,0.680921053,0.317957166
278,"Congressional District 46 (113th Congress), California",53544,66985,33.7,2.5,4.3,46.2,31,20.7,17.1,56.9,2.3,12.5,66.8,0.8,0,1,0,1,CA-46,CA,46,lorettasanchez,D,847,794,13,0.480048368,0.512091898,0.48385131
279,"Congressional District 47 (113th Congress), California",57360,77152,38.6,5.1,6.4,44.1,31.4,21.9,29.6,59.9,9.3,23.1,34.7,0.4,0.000932927,0.99030771,0.008759363,0.999067073,CA-47,CA,47,replowenthal,D,400,300,6,0.424929178,0.566572238,0.428571429
280,"Congressional District 48 (113th Congress), California",77641,109580,51.6,11.9,9.4,32.5,21.8,14.2,42.5,71.4,1.6,19.3,20.9,0.4,0.000292893,0.999707107,0,0.999707107,CA-48,CA,48,danarohrabacher,R,2338,863,36,0.266604881,0.72227371,0.269603249
281,"Congressional District 49 (113th Congress), California",69868,96964,46.9,10.2,7.9,36.6,25.5,16.2,39.4,80.9,3.5,8.6,26.9,1.2,0.008610576,0.991389424,0,0.991389424,CA-49,CA,49,darrellissa,R,2239,885,12,0.282206633,0.713966837,0.283290653
282,"Congressional District 5 (113th Congress), Alabama",49405,67297,32.3,3.5,4.6,50.5,36.2,25.7,28.7,79.1,18.2,2,4.9,1.1,0.343880883,0.59229244,0.063826678,0.656119117,AL-05,AL,5,repmobrooks,R,153,193,1,0.556195965,0.44092219,0.557803468
283,"Congressional District 5 (113th Congress), Arizona",62203,78743,41.3,4.5,5.7,39.7,25.6,16.6,32.4,87.2,4,5.1,17.9,0.6,0.002336872,0.997663128,0,0.997663128,AZ-05,AZ,5,salmoncongress,R,268,356,3,0.567783094,0.427432217,0.570512821
284,"Congressional District 5 (113th Congress), California",62075,81331,40.8,5.8,6.2,40.7,27.6,18.8,29.1,73.7,8,12.8,26.4,3.1,0.099894537,0.798435632,0.101669831,0.900105463,CA-05,CA,5,repthompson,D,338,213,1,0.385869565,0.612318841,0.386569873
285,"Congressional District 5 (113th Congress), Colorado",54220,71244,34.8,3.6,4.8,45.7,31.5,21.4,33.4,87,7.5,4.2,14.7,1.2,0.169756533,0.754473847,0.07576962,0.830243467,CO-05,CO,5,repdlamborn,R,660,298,1,0.310740355,0.688216893,0.311064718
286,"Congressional District 5 (113th Congress), Connecticut",64257,88160,43.6,7.5,7.2,39.7,27.9,19.5,34,82,8.1,3.5,16.1,0.6,0.153321756,0.80680788,0.039870364,0.846678244,CT-05,CT,5,repesty,D,418,320,4,0.431266846,0.563342318,0.433604336
287,"Congressional District 5 (113th Congress), Florida",33175,44670,16.2,0.9,1.4,68,52.5,38.4,15.4,41.3,53.9,3,11.9,0.7,0.090128657,0.888191091,0.021680252,0.909871343,FL-05,FL,5,repcorrinebrown,D,534,293,0,0.354292624,0.645707376,0.354292624
288,"Congressional District 5 (113th Congress), Georgia",41746,65779,27.2,5.1,3.8,56.3,43.7,32.4,37.7,34,60.1,4.5,8,0.2,0.000302028,0.999697972,0,0.999697972,GA-05,GA,5,repjohnlewis,D,523,391,7,0.424538545,0.567861021,0.427789934
289,"Congressional District 5 (113th Congress), Illinois",65916,95131,44.4,9.6,7.1,39,27.4,19.5,49.6,83.2,3.2,7.5,19.1,0.2,0,1,0,1,IL-05,IL,5,repmikequigley,D,1547,1653,9,0.515113743,0.482081645,0.5165625
290,"Congressional District 5 (113th Congress), Kentucky",30030,43081,15.6,1.1,1.1,69.7,55.9,43.2,11.5,97.7,1.7,0.5,1,7.2,0.766871128,0.001690622,0.23143825,0.233128872,KY-05,KY,5,rephalrogers,R,780,324,5,0.292155095,0.703336339,0.293478261
291,"Congressional District 5 (113th Congress), Maryland",89342,104686,59.4,9.2,11.7,24.9,15.5,10.6,32.5,56.1,39.3,4.7,6.6,0.4,0.233753255,0.679155351,0.087091393,0.766246745,MD-05,MD,5,whiphoyer,D,2259,971,7,0.299969107,0.697868397,0.300619195
292,"Congressional District 5 (113th Congress), Massachusetts",79004,106726,52.1,11.6,9,32.9,23.2,16.3,52,82.5,6.4,10.8,7.9,0.2,0.009644834,0.990355166,0,0.990355166,MA-05,MA,5,markeymemo,D,2324,842,15,0.264696636,0.730587865,0.265950726
293,"Congressional District 5 (113th Congress), Michigan",40365,52297,21.8,1.2,2.1,59.8,43.9,31,17.9,80.2,19.1,1.1,4.5,0.9,0.227655808,0.742555978,0.029788214,0.772344192,MI-05,MI,5,dankildee,D,252,195,6,0.430463576,0.556291391,0.436241611
294,"Congressional District 5 (113th Congress), Minnesota",51615,71321,33.8,4.5,4.3,48.7,34.6,24.6,42.2,74,18,6.6,9.1,0.5,0,1,0,1,MN-05,MN,5,keithellison,D,2259,921,20,0.2878125,0.7059375,0.289622642
295,"Congressional District 5 (113th Congress), Missouri",43657,57452,25.4,2,2.6,55.9,40.3,28.3,24.6,71.7,23.4,2,8.5,0.7,0.077206008,0.882019116,0.040774876,0.922793992,MO-05,MO,5,repcleaver,D,658,530,4,0.444630872,0.552013423,0.446127946
296,"Congressional District 5 (113th Congress), New Jersey",89295,117906,57.5,13.2,11.4,27.8,18.5,12.2,44.9,81.3,5.1,10.2,12.1,0.5,0.134958391,0.758247181,0.106794428,0.865041609,NJ-05,NJ,5,repgarrett,R,313,140,0,0.309050773,0.690949227,0.309050773
297,"Congressional District 5 (113th Congress), New York",59313,74413,39.2,4,6.7,42.4,30,20.9,23.3,19.7,52.5,14.6,19.4,0.1,0,1,0,1,NY-05,NY,5,gregorymeeks,D,701,486,1,0.409090909,0.59006734,0.409435552
298,"Congressional District 5 (113th Congress), North Carolina",41929,58460,24.8,2.8,2.6,57.5,42.3,29.6,25.3,82.5,13.4,1.8,8.6,1.4,0.428165285,0.495165454,0.076669261,0.571834715,NC-05,NC,5,virginiafoxx,R,1424,553,7,0.278729839,0.717741935,0.279716743
299,"Congressional District 5 (113th Congress), Ohio",50051,63823,30,2.6,3.1,50,35,23.4,23.5,94.5,3.7,1.5,4.4,1.8,0.358582443,0.338908105,0.302509452,0.641417557,OH-05,OH,5,boblatta,R,2245,961,13,0.298539919,0.697421559,0.299750468
300,"Congressional District 5 (113th Congress), Oklahoma",42945,63289,26.7,3.6,3.1,55.8,41.4,29,28.5,74.4,15.9,3.4,14.9,3.2,0.114297019,0.823183123,0.062519858,0.885702981,OK-05,OK,5,replankford,R,1498,545,7,0.265853659,0.730731707,0.266764562
301,"Congressional District 5 (113th Congress), Oregon",51165,67537,31.4,3.3,4,48.7,33.5,22.7,27.4,88.3,1.5,3.6,15.6,4.1,0.181634491,0.611815338,0.206550172,0.818365509,OR-05,OR,5,repschrader,D,517,439,1,0.458725183,0.540229885,0.459205021
302,"Congressional District 5 (113th Congress), Pennsylvania",44415,56917,24.9,1.7,2.3,55.5,39.9,27.8,21.6,95.6,2.8,1.9,1.7,2.8,0.555648875,0.154768477,0.289582648,0.444351125,PA-05,PA,5,congressmangt,R,1496,1483,8,0.496484767,0.50083696,0.49781806
303,"Congressional District 5 (113th Congress), South Carolina",42505,56722,24.9,2,2.7,56.8,41.5,30,20.5,70,28.3,1.2,3.9,1.2,0.450017127,0.366818363,0.18316451,0.549982873,SC-05,SC,5,repmickmulvaney,R,460,411,4,0.469714286,0.525714286,0.471871412
304,"Congressional District 5 (113th Congress), Tennessee",45127,64518,26.7,3.8,3.3,54.7,39,27,33,67.4,26.1,3.4,9.1,0.4,0.104701321,0.867837178,0.027461502,0.895298679,TN-05,TN,5,repjimcooper,D,319,199,4,0.381226054,0.611111111,0.384169884
305,"Congressional District 5 (113th Congress), Texas",44218,59712,26.2,2.4,3,55.1,40,27.4,18.1,78.1,15.2,2.2,26.3,2.6,0.342930531,0.45038052,0.206688949,0.657069469,TX-05,TX,5,rephensarling,R,414,109,5,0.206439394,0.784090909,0.208413002
306,"Congressional District 5 (113th Congress), Virginia",46378,64349,28.7,3.2,3.7,52.8,38.8,26.8,24.8,76.9,21.6,2,3.3,2.2,0.671166706,0.162711168,0.166122126,0.328833294,VA-05,VA,5,reproberthurt,R,741,771,3,0.508910891,0.489108911,0.509920635
307,"Congressional District 5 (113th Congress), Washington",46100,60013,27.6,2.6,2.8,53.5,39,27.5,27.5,92.4,2.6,3.4,5.7,2.6,0.245810037,0.663673876,0.090516087,0.754189963,WA-05,WA,5,cathymcmorris,R,1868,1321,17,0.412039925,0.582657517,0.414236438
308,"Congressional District 52 (113th Congress), California",80360,104500,53.4,10.8,10.2,31.2,21.5,15.3,54.6,73.8,3.9,22.1,13.2,0.3,0.003584638,0.996415362,0,0.996415362,CA-52,CA,52,scottpeterssd,D,605,651,9,0.514624506,0.47826087,0.518312102
309,"Congressional District 6 (113th Congress), Alabama",56810,76440,37.2,4.6,5.3,44.6,30.5,20.3,33.4,81.7,13.9,2,5.2,1.2,0.310655456,0.661893871,0.027450673,0.689344544,AL-06,AL,6,bachusal06,R,340,117,0,0.256017505,0.743982495,0.256017505
310,"Congressional District 6 (113th Congress), Arizona",60626,88024,40.5,7.6,6.1,42,28.6,19,40.2,88.7,3.1,5,14.4,0.4,0.034581138,0.965418862,0,0.965418862,AZ-06,AZ,6,repdavid,R,1468,1170,12,0.441509434,0.553962264,0.443517817
311,"Congressional District 6 (113th Congress), California",45944,61327,28.4,2.6,3.8,53.4,39,28.2,25.1,59.5,15.5,17.9,27.2,0.8,0.000987579,0.999012421,0,0.999012421,CA-06,CA,6,dorismatsui,D,573,331,4,0.364537445,0.631057269,0.366150442
312,"Congressional District 6 (113th Congress), Colorado",65451,85858,43.2,6.3,6.7,37.3,24.8,15.7,39,79.9,10.7,6.3,19.9,1.1,0.014295389,0.985704611,0,0.985704611,CO-06,CO,6,repmikecoffman,R,1032,494,4,0.322875817,0.674509804,0.323722149
313,"Congressional District 6 (113th Congress), Florida",44772,65395,27.1,3.8,3.3,54.5,39,27.2,26.4,85.6,10.4,2.4,6.9,1.3,0.168116343,0.800619315,0.031264342,0.831883657,FL-06,FL,6,rondesantisfl,R,58,38,3,0.383838384,0.585858586,0.395833333
314,"Congressional District 6 (113th Congress), Georgia",75672,105380,50.2,12.2,9.1,33.5,23.2,15,56.4,73.1,13.8,10.7,12.5,0.3,0.001981003,0.998018997,0,0.998018997,GA-06,GA,6,reptomprice,R,2726,496,7,0.153607928,0.844224218,0.153941651
315,"Congressional District 6 (113th Congress), Illinois",88128,114033,57.2,12.6,10.6,26.7,17.4,11.2,49.9,87,3.1,8.9,9.1,0.3,0.006401493,0.993598507,0,0.993598507,IL-06,IL,6,peterroskam,R,2467,696,15,0.219005664,0.776274386,0.220044262
316,"Congressional District 6 (113th Congress), Indiana",44418,56968,25.2,1.7,2.2,55.2,39.6,26.7,18.1,95.6,2.7,1.3,2.4,1.8,0.437523126,0.281626152,0.280850722,0.562476874,IN-06,IN,6,luke_messer,R,58,148,1,0.714975845,0.280193237,0.718446602
317,"Congressional District 6 (113th Congress), Kentucky",44335,60756,27.6,2.7,3,55,40.5,29,28.7,87.4,9.8,2.1,4.5,2.9,0.270606951,0.408839796,0.320553253,0.729393049,KY-06,KY,6,barrforcongress,R,87,147,1,0.625531915,0.370212766,0.628205128
318,"Congressional District 6 (113th Congress), Louisiana",55549,71689,36.8,3.8,4.9,45.6,32.1,22.4,28,73.6,23.6,2.2,4.1,2.6,0.218742148,0.75718607,0.024071783,0.781257852,LA-06,LA,6,billcassidy,R,1181,611,4,0.340200445,0.657572383,0.340959821
319,"Congressional District 6 (113th Congress), Massachusetts",76141,98315,50.6,8.8,9.4,33.3,23.5,16.4,40.2,89.5,3.9,4.2,7.6,0.5,0.042096627,0.957903373,0,0.957903373,MA-06,MA,6,reptierney,D,441,286,2,0.392318244,0.604938272,0.393397524
320,"Congressional District 6 (113th Congress), Michigan",45126,59689,26.4,2.2,2.8,54.4,39.1,27.3,24.8,87.6,10,1.9,5.5,2.6,0.424311553,0.438048247,0.137640199,0.575688447,MI-06,MI,6,repfredupton,R,1163,478,7,0.290048544,0.705703883,0.291285801
321,"Congressional District 6 (113th Congress), Minnesota",68428,79585,44.9,3.3,5.7,34.9,22.1,14.3,27.5,94,2.8,3,2.5,1.4,0.308905613,0.509728755,0.181365632,0.691094387,MN-06,MN,6,michelebachmann,R,1897,786,19,0.290895633,0.702072539,0.292955647
322,"Congressional District 6 (113th Congress), New Jersey",74204,93826,49.5,8.1,9.1,33.5,23.5,16.4,36.7,68.9,11.3,18.3,20.2,0.2,0,1,0,1,NJ-06,NJ,6,frankpallone,D,1808,1390,8,0.433562071,0.563942608,0.434646654
323,"Congressional District 6 (113th Congress), New York",56229,72773,36.9,4.1,5.9,44.5,32.1,22.6,36.9,51.2,4.5,38.6,18.7,0.2,0,1,0,1,NY-06,NY,6,repgracemeng,D,617,595,4,0.489309211,0.507401316,0.490924092
324,"Congressional District 6 (113th Congress), North Carolina",48266,64733,30.2,3,3.7,51.3,36.5,24.6,27.8,79.1,16.7,2.4,6,1.1,0.431929713,0.466278205,0.101792082,0.568070287,NC-06,NC,6,howardcoble,R,208,416,3,0.663476874,0.331738437,0.666666667
325,"Congressional District 6 (113th Congress), Ohio",41220,53395,22.5,1.4,1.7,58.9,42.6,30.1,14.8,96.9,3.1,0.5,1,3,0.564607407,0.18919235,0.246200243,0.435392593,OH-06,OH,6,repbilljohnson,R,1546,707,8,0.312693498,0.683768244,0.313803817
326,"Congressional District 6 (113th Congress), Pennsylvania",72484,95557,48.5,8.4,8.4,32.8,21.8,14.1,40.6,89.8,5,4.5,5,1,0.107939691,0.892060309,0,0.892060309,PA-06,PA,6,jimgerlach,R,407,249,2,0.378419453,0.618541033,0.379573171
327,"Congressional District 6 (113th Congress), South Carolina",32511,45531,16.3,1.1,1.4,67.8,52.8,39.2,17.8,39.6,58.1,1.2,4.6,1.5,0.457318113,0.40918116,0.133500727,0.542681887,SC-06,SC,6,clyburn,D,390,228,6,0.365384615,0.625,0.368932039
328,"Congressional District 6 (113th Congress), Tennessee",43666,57721,25.6,2,2.4,56.2,40.5,28.1,19.1,93.5,4.7,1.1,3.7,1.8,0.527538914,0.212080432,0.260380654,0.472461086,TN-06,TN,6,repdianeblack,R,1800,487,4,0.21257093,0.785683108,0.21294272
329,"Congressional District 6 (113th Congress), Texas",57914,73215,37.4,3.5,4.7,42.4,28.7,18.8,28.4,72.1,19.4,5.4,21.7,1,0.115069869,0.827535525,0.057394605,0.884930131,TX-06,TX,6,repjoebarton,R,744,221,36,0.220779221,0.743256743,0.229015544
330,"Congressional District 6 (113th Congress), Virginia",46864,61063,27.9,2.3,3.3,52.8,37.6,25.8,25.3,86.4,12.2,2,4.3,1.9,0.372293627,0.525711702,0.101994672,0.627706373,VA-06,VA,6,repgoodlatte,R,1257,924,3,0.423076923,0.575549451,0.423658872
331,"Congressional District 6 (113th Congress), Washington",52535,68131,32.5,3,4.1,47.3,32.2,21.6,27,87.1,5.3,6.1,6.7,1.7,0.263546193,0.55008412,0.186369687,0.736453807,WA-06,WA,6,repderekkilmer,D,146,130,1,0.469314079,0.527075812,0.471014493
332,"Congressional District 7 (113th Congress), Alabama",31364,44762,16.9,1.1,1.6,68.4,54.1,41.8,18,34.3,64.4,0.7,2.7,2.1,0.285136881,0.656488048,0.058375071,0.714863119,AL-07,AL,7,repterrisewell,D,496,554,4,0.525616698,0.470588235,0.527619048
333,"Congressional District 7 (113th Congress), California",62996,79076,41.6,4.7,6.6,39.7,26.9,17.6,30.8,69.9,9.7,17.2,16.6,0.5,0.025321822,0.965499064,0.009179114,0.974678178,CA-07,CA,7,repbera,D,306,327,3,0.514150943,0.481132075,0.516587678
334,"Congressional District 7 (113th Congress), Colorado",57249,72142,36.8,3.7,4.7,42.9,28.8,18.9,29.9,88.8,2.1,4.3,27.3,1.4,0.005473366,0.994523232,3.40E-06,0.994526634,CO-07,CO,7,repperlmutter,D,467,333,1,0.415730337,0.583021223,0.41625
335,"Congressional District 7 (113th Congress), Indiana",37349,49955,20.3,1.2,1.9,62.5,46.7,33,20.7,64,30.3,2.3,10.2,0.3,0.005790092,0.994209908,0,0.994209908,IN-07,IN,7,repandrecarson,D,654,874,5,0.57012394,0.426614481,0.571989529
336,"Congressional District 7 (113th Congress), Michigan",50500,62665,30.1,2.2,3.4,49.5,34.4,23.5,21.8,93.6,5.2,1.2,3.9,1.6,0.464843634,0.3742506,0.160905766,0.535156366,MI-07,MI,7,repwalberg,R,822,439,6,0.346487766,0.648776638,0.3481364
337,"Congressional District 7 (113th Congress), Missouri",40684,53741,21.4,1.7,2,59.6,43,29.6,22.3,95.3,2.4,1.4,4.4,1.7,0.384442367,0.471256645,0.144300987,0.615557633,MO-07,MO,7,auctnr1,R,2222,938,55,0.291757387,0.691135303,0.296835443
338,"Congressional District 7 (113th Congress), New Jersey",98726,133522,62.5,17.5,12,23.6,15.8,10.3,49.1,83.2,4.6,8.9,11.4,0.4,0.139705063,0.85008033,0.010214607,0.860294937,NJ-07,NJ,7,replancenj7,R,288,216,1,0.427722772,0.57029703,0.428571429
339,"Congressional District 7 (113th Congress), New York",41596,66868,28.9,5.2,4.2,56.2,44,33.7,27.6,50.8,11.9,18.9,44,0.2,0,1,0,1,NY-07,NY,7,nydiavelazquez,D,108,41,0,0.275167785,0.724832215,0.275167785
340,"Congressional District 7 (113th Congress), North Carolina",45112,60471,27.4,2.2,2.8,54.6,39.9,28.3,23,76,18.4,0.9,9.6,3.2,0.501758408,0.330288579,0.167953013,0.498241592,NC-07,NC,7,repmikemcintyre,D,634,766,8,0.544034091,0.450284091,0.547142857
341,"Congressional District 7 (113th Congress), Ohio",47339,60136,27.2,2.1,2.4,52.7,36.3,23.8,18.2,95,5,0.7,1.8,2,0.376004021,0.423611731,0.200384248,0.623995979,OH-07,OH,7,repbobgibbs,R,955,446,8,0.316536551,0.677785664,0.31834404
342,"Congressional District 7 (113th Congress), Pennsylvania",76960,102091,51.2,10.1,9,32.3,20.9,13.1,40.3,89.8,6.1,4.6,3,1.5,0.112826018,0.881481563,0.005692419,0.887173982,PA-07,PA,7,repmeehan,R,977,469,5,0.323225362,0.673328739,0.324343015
343,"Congressional District 7 (113th Congress), South Carolina",37613,51856,20.5,1.6,2,61.8,46.3,33.1,19.4,67,30.6,1.1,4.1,1.5,0.353314044,0.527875081,0.118810876,0.646685956,SC-07,SC,7,reptomrice,R,222,82,3,0.267100977,0.723127036,0.269736842
344,"Congressional District 7 (113th Congress), Tennessee",47550,66867,29.9,4.4,3.6,52.2,38.1,26.4,25.1,86.8,10.9,2.1,4.4,1.6,0.521298707,0.336678872,0.142022421,0.478701293,TN-07,TN,7,marshablackburn,R,1239,875,7,0.412541254,0.584158416,0.413907285
345,"Congressional District 7 (113th Congress), Texas",67460,106356,45.6,12,7.3,37.9,26.2,17.6,46.7,69.3,12.4,10.6,30.6,4.3,6.90E-05,0.999931005,0,0.999931005,TX-07,TX,7,congculberson,R,565,264,6,0.316167665,0.676646707,0.318455971
346,"Congressional District 7 (113th Congress), Virginia",69725,90153,46.5,6.5,7.6,34.2,21.5,13.7,38.9,79,15.7,4.9,4.9,0.8,0.273324182,0.681902739,0.044773079,0.726675818,VA-07,VA,7,ericcantor,R,644,342,8,0.344064386,0.647887324,0.346855984
347,"Congressional District 7 (113th Congress), Washington",64465,89399,43.3,8.2,7.1,39.6,27.5,18.9,54.7,80.8,6,12.9,7.5,0.5,0.016480891,0.983519109,0,0.983519109,WA-07,WA,7,repjimmcdermott,D,1090,347,7,0.240304709,0.754847645,0.241475296
348,"Congressional District 7 (113th Congress), Wisconsin",46620,59726,26.2,2,2.3,53.4,36.7,24.4,20.5,95.4,1.1,1.8,1.9,4.5,0.724384057,0.112440974,0.163174969,0.275615943,WI-07,WI,7,repseanduffy,R,957,556,8,0.365548981,0.629191321,0.367481824
349,"Congressional District 8 (113th Congress), Arizona",56590,70158,35.7,2.8,4.3,43.3,27.8,17.5,27.4,89,5.1,3.9,18.8,0.5,0.022213861,0.969368657,0.008417482,0.977786139,AZ-08,AZ,8,reptrentfranks,R,769,155,5,0.166846071,0.827771798,0.167748918
350,"Congressional District 8 (113th Congress), Florida",46789,64661,28.7,3.1,3.6,53,37.6,25.3,25.8,86.4,10.9,2.6,9.5,0.9,0.054416437,0.936508477,0.009075085,0.945583563,FL-08,FL,8,congbillposey,R,608,456,4,0.426966292,0.56928839,0.428571429
351,"Congressional District 8 (113th Congress), Georgia",39880,53764,23.6,1.9,2.3,58.8,44.9,32.8,18.7,65.5,31.1,1.7,5.9,3.1,0.436726483,0.348894441,0.214379076,0.563273517,GA-08,GA,8,austinscottga08,R,513,638,5,0.551903114,0.443771626,0.554300608
352,"Congressional District 8 (113th Congress), Indiana",45739,58095,26,1.8,2.2,54,38.3,25.8,18.2,94.1,5,1.1,2.1,2.8,0.411237255,0.414334659,0.174428086,0.588762745,IN-08,IN,8,replarrybucshon,R,1612,907,10,0.358639779,0.637406089,0.360063517
353,"Congressional District 8 (113th Congress), Maryland",92505,124083,59.8,15.3,11.3,25,16.4,11.1,52.6,71.8,13.2,9.8,14,0.4,0.112442493,0.873507443,0.014050064,0.887557507,MD-08,MD,8,chrisvanhollen,D,653,128,4,0.163057325,0.831847134,0.163892446
354,"Congressional District 8 (113th Congress), Michigan",60016,77027,39.9,4.9,5.8,42.4,29.4,20.6,36.8,89.2,7.1,4.3,4.5,0.8,0.190743391,0.777554486,0.031702123,0.809256609,MI-08,MI,8,repmikerogers,R,744,269,3,0.26476378,0.732283465,0.265547878
355,"Congressional District 8 (113th Congress), New Jersey",52363,73970,34.6,5.7,5.3,48,35.5,25.4,29.1,59.4,12.3,8.9,54.1,0.1,0,1,0,1,NJ-08,NJ,8,rep_albio_sires,D,1,0,0,0,1,0
356,"Congressional District 8 (113th Congress), New York",42393,60200,28.5,3,4.5,55.8,43.1,33.6,27,31.5,57.5,5.2,17.6,0.1,7.43E-05,0.999925743,0,0.999925743,NY-08,NY,8,repjeffries,D,265,153,2,0.364285714,0.630952381,0.366028708
357,"Congressional District 8 (113th Congress), North Carolina",40712,52379,22.5,1.3,2,59.1,43.6,31.1,16.1,70.2,19.7,1.3,8.6,1.8,0.476284968,0.350934082,0.172780951,0.523715032,NC-08,NC,8,richhudson,R,552,517,6,0.480930233,0.513488372,0.48362956
358,"Congressional District 8 (113th Congress), Ohio",50409,63909,30.6,2.1,4.3,49.7,34.6,23.9,22,90.9,7,2,3,1.2,0.234237739,0.653802161,0.1119601,0.765762261,OH-08,OH,8,speakerboehner,R,2718,500,9,0.154942671,0.842268361,0.15537601
359,"Congressional District 8 (113th Congress), Pennsylvania",75022,96080,50,8.3,8.4,32.1,20.8,13.4,35.4,90.8,4.3,4.9,4.2,0.4,0.099236614,0.900017301,0.000746086,0.900763386,PA-08,PA,8,repfitzpatrick,R,1833,1251,13,0.403939296,0.591863093,0.405642023
360,"Congressional District 8 (113th Congress), Tennessee",50694,72358,33.1,4.8,4.5,49.4,35.9,24.6,27.4,78.1,19.9,2,2.6,1.6,0.404878713,0.363971014,0.231150274,0.595121287,TN-08,TN,8,repfinchertn08,R,1218,946,13,0.434542949,0.559485531,0.43715342
361,"Congressional District 8 (113th Congress), Texas",59925,81065,39.6,6.4,6.2,42.5,29.9,20.5,26.5,85.8,9,2.6,20.1,4.8,0.348419146,0.50009019,0.151490664,0.651580854,TX-08,TX,8,repkevinbrady,R,2396,731,51,0.23001888,0.753933291,0.233770387
362,"Congressional District 8 (113th Congress), Virginia",93118,120953,60.5,15.3,11.5,24,15.3,10.1,58.9,66.6,15.1,13.2,18.1,0.2,0.002342388,0.997657612,0,0.997657612,VA-08,VA,8,jim_moran,D,849,501,3,0.370288248,0.627494457,0.371111111
363,"Congressional District 8 (113th Congress), Washington",69753,86818,46.1,6.1,7.4,34.6,22.9,14.9,30.6,85.2,3.6,9.2,10,2.6,0.199096863,0.7002452,0.100657936,0.800903137,WA-08,WA,8,davereichert,R,809,649,5,0.443609023,0.552973342,0.445130316
364,"Congressional District 8 (113th Congress), Wisconsin",52436,65743,31.1,2.5,2.8,47.4,32.1,21.3,23.2,93.5,1.9,2.4,4.5,3,0.420307235,0.450213489,0.129479276,0.579692765,WI-08,WI,8,repribble,R,367,235,2,0.389072848,0.607615894,0.390365449
365,"Congressional District 9 (113th Congress), Arizona",48891,67189,30.8,3.8,4.1,50.8,36,24.7,34.6,82,6.6,6.2,26.6,0.4,3.04E-06,0.999996963,0,0.999996963,AZ-09,AZ,9,kyrstensinema,D,1392,1701,27,0.545192308,0.446153846,0.549951503
366,"Congressional District 9 (113th Congress), California",53645,70939,35.4,3.7,5.9,46.5,32.6,22.5,19,64.1,10.3,16.7,37.9,4.5,0.076354293,0.853946184,0.069699523,0.923645707,CA-09,CA,9,repmcnerney,D,277,281,1,0.502683363,0.495527728,0.503584229
367,"Congressional District 9 (113th Congress), Florida",43976,56348,23.8,1.8,2.2,56.4,39.2,24.9,22.9,78.1,12.5,5,46.1,0.4,0.097487906,0.819371096,0.083140998,0.902512094,FL-09,FL,9,alangrayson,D,841,235,14,0.21559633,0.771559633,0.218401487
368,"Congressional District 9 (113th Congress), Georgia",43579,57790,24.9,2.2,2.8,55.7,40.4,28.3,19.9,88.3,7.5,1.4,12,1.9,0.640596506,0.244192774,0.11521072,0.359403494,GA-09,GA,9,repdougcollins,R,530,371,1,0.411308204,0.587583149,0.411764706
369,"Congressional District 9 (113th Congress), Illinois",61455,90750,41.6,8.9,6.6,42.2,30,21.5,50.6,75.3,9.7,13.8,11.2,0.2,0,1,0,1,IL-09,IL,9,janschakowsky,D,1167,434,8,0.269732753,0.725295214,0.271080575
370,"Congressional District 9 (113th Congress), Indiana",48255,61513,28.4,2.3,2.7,51.4,36.2,25.5,23.2,94.3,3.5,2.3,3,1.4,0.359359936,0.516286308,0.124353756,0.640640064,IN-09,IN,9,reptoddyoung,R,1122,766,2,0.405291005,0.593650794,0.405720339
371,"Congressional District 9 (113th Congress), Massachusetts",59765,78787,39.9,5,6.3,42.6,30.4,21.8,31.9,93,3.8,1.6,4.2,0.9,0.144985915,0.803384353,0.051629731,0.855014085,MA-09,MA,9,repstephenlynch,D,277,249,3,0.470699433,0.52362949,0.47338403
372,"Congressional District 9 (113th Congress), Massachusetts",59765,78787,39.9,5,6.3,42.6,30.4,21.8,31.9,93,3.8,1.6,4.2,0.9,0.144985915,0.803384353,0.051629731,0.855014085,MA-09,MA,9,usrepkeating,D,252,319,1,0.557692308,0.440559441,0.558669002
373,"Congressional District 9 (113th Congress), Michigan",49093,65862,31,3.2,3.7,50.9,36.2,24.5,27.1,84.2,11.8,4.5,2.1,0.1,0,1,0,1,MI-09,MI,9,repsandylevin,D,881,273,4,0.235751295,0.760794473,0.236568458
374,"Congressional District 9 (113th Congress), New Jersey",57764,80722,39.3,6.3,6.9,43.6,32.7,22.9,30.8,67,13.2,12.8,34.3,0.1,0,1,0,1,NJ-09,NJ,9,billpascrell,D,317,315,5,0.494505495,0.497645212,0.498417722
375,"Congressional District 9 (113th Congress), New York",46381,65868,30.2,4,4.3,52.8,39.6,29.3,31.8,34.6,54,6.7,11,0.1,0,1,0,1,NY-09,NY,9,yvetteclarke,D,2032,952,6,0.318394649,0.679598662,0.319034853
376,"Congressional District 9 (113th Congress), North Carolina",69207,98313,46.1,8.9,7.6,34.8,22.7,14.6,46.3,81.5,13.7,4.4,7.8,0.3,0.090011753,0.909988247,0,0.909988247,NC-09,NC,9,robertpittenger,R,216,336,1,0.607594937,0.390596745,0.608695652
377,"Congressional District 9 (113th Congress), Ohio",38973,52148,21.4,1.7,2.1,60.8,45.5,33,20.4,79.5,18.4,1.8,9.6,0.4,0.04491274,0.850192655,0.104894605,0.95508726,OH-09,OH,9,repmarcykaptur,D,191,128,7,0.392638037,0.585889571,0.401253918
378,"Congressional District 9 (113th Congress), Pennsylvania",43104,54703,23.5,1.3,2.2,56.5,40.7,28.2,16.8,95.7,3.9,0.8,1.8,3.5,0.470039016,0.36354991,0.166411074,0.529960984,PA-09,PA,9,repbillshuster,R,1466,533,10,0.265306122,0.729716277,0.266633317
379,"Congressional District 9 (113th Congress), Tennessee",37323,50600,20.5,1.5,2,62.2,47.2,34.3,22.4,29.5,65.6,2.1,6.9,0.3,0.01380245,0.98619755,0,0.98619755,TN-09,TN,9,repcohen,D,1363,660,20,0.323054332,0.667156143,0.326248146
380,"Congressional District 9 (113th Congress), Texas",40875,54715,23.6,1.8,2.3,59,42.7,29,22.9,38.8,39.1,11.3,38.2,1.5,0.000429959,0.999570041,0,0.999570041,TX-09,TX,9,repalgreen,D,110,109,2,0.49321267,0.497737557,0.497716895
381,"Congressional District 9 (113th Congress), Virginia",37246,50648,20.1,1.7,1.5,62.3,47.2,34.3,17.9,92.7,6,1.4,1.9,3.8,0.601171377,0.207671174,0.19115745,0.398828623,VA-09,VA,9,repmgriffith,R,403,247,0,0.38,0.62,0.38
382,"Congressional District 9 (113th Congress), Washington",62028,84217,41.3,6.7,6.4,41,28.1,19.5,37.3,60.4,13.2,24,11.8,0.4,0.000280933,0.999719067,0,0.999719067,WA-09,WA,9,rep_adam_smith,D,1,0,0,0,1,0
